NAME,SHORT NAME,URL SLUG,TWITTER,URL,SUNLIGHT ID,PARENT,NAME1,NAME2,NAME3,NAME4,NAME5,,,,,,,,,,,,,,,,,,,,,,,,,,,,,,,,,
Starbucks Corp,Starbucks,starbucks,starbucks,http://www.starbucks.com/,48e6db9dd8f3488596cf83439958b72a,,Starbucks Coffee,,,,,,,,,,,,,,,,,,,,,,,,,,,,,,,,,,,,,
McDonald's Corp,McDonald's,mcdonalds,McDonalds,http://www.mcdonalds.com/,721c64757c11435393edc49bb33d4c96,,McDonalds,,,,,,,,,,,,,,,,,,,,,,,,,,,,,,,,,,,,,
Walgreen Co,Walgreens,walgreens,walgreens,http://www.walgreens.com/,7b4d541705654e3495952029125cd9ea,,,,,,,,,,,,,,,,,,,,,,,,,,,,,,,,,,,,,,,
Wal-Mart Stores,Walmart,walmart,walmart,http://www.walmart.com/,efec953e79be4a9cb0d4a2d6a42c88cd,,Walmart Supercenter,Walmart Vision Center,Walmart Neighborhood Market,Walmart Express,Super Walmart,,,,,,,,,,,,,,,,,,,,,,,,,,,,,,,,,
Chick-fil-A,Chick-fil-A,chick-fil-a,chickfila,http://chick-fil-a.com/,5a8384f10c904eb4bf7617446bd68640,,,,,,,,,,,,,,,,,,,,,,,,,,,,,,,,,,,,,,,
AT&T Inc,AT&T,att,ATT,http://www.att.com/,d473e580c5684a658b754eb97566cb05,,AT&T Center,,,,,,,,,,,,,,,,,,,,,,,,,,,,,,,,,,,,,
AT&T Wireless Services,,,,,660a50c332114434bf9ae61929150552,AT&T Inc,,,,,,,,,,,,,,,,,,,,,,,,,,,,,,,,,,,,,,
AT&T Southeast,,,,,2f8c8c338f8e4b7db3180f8eb78c7014,AT&T Inc,,,,,,,,,,,,,,,,,,,,,,,,,,,,,,,,,,,,,,
AT&T Louisiana,,,,,20cf096e24254527bdec5857f4cad27d,AT&T Inc,,,,,,,,,,,,,,,,,,,,,,,,,,,,,,,,,,,,,,
AT&T Mobility,,,,,e75fa0a3e83347e7ae5bc8fa636b028e,AT&T Inc,,,,,,,,,,,,,,,,,,,,,,,,,,,,,,,,,,,,,,
ING Group,ING,ing,ING_news,http://www.ing.com/,5c56ecd4146945b4ba1c4a424b900ac4,,,,,,,,,,,,,,,,,,,,,,,,,,,,,,,,,,,,,,,
ING Direct,,,,,181d7af116424715a86a6f4d677c3dd6,ING Group,ING Direct Café,,,,,,,,,,,,,,,,,,,,,,,,,,,,,,,,,,,,,
ING Bank,,,,,fd984fbe38374d6f9db6f5730dfa8927,ING Group,,,,,,,,,,,,,,,,,,,,,,,,,,,,,,,,,,,,,,
Target Corp,Target,target,target,http://www.target.com/,96026145a4a44d30991c369e09423269,,Super Target,,,,,,,,,,,,,,,,,,,,,,,,,,,,,,,,,,,,,
Panera Bread Co,Panera Bread,panera-bread,panerabread,http://www.panerabread.com/,743ed79ff68a497bb8ab5ad771798b3f,,,,,,,,,,,,,,,,,,,,,,,,,,,,,,,,,,,,,,,
Panera LLC,,,,,22eebe42bf2a4293a3773318a0ed4efd,Panera Bread Co,,,,,,,,,,,,,,,,,,,,,,,,,,,,,,,,,,,,,,
Yum! Brands,Yum! Brands,yum-brands,,,f9b9961012b745cf93ce1fcef7a1206c,,,,,,,,,,,,,,,,,,,,,,,,,,,,,,,,,,,,,,,
Taco Bell,Taco Bell,taco-bell,tacobell,http://www.tacobell.com/,f5285f848e494262ba09432e0dbd65cc,Yum! Brands,,,,,,,,,,,,,,,,,,,,,,,,,,,,,,,,,,,,,,
Best Buy,Best Buy,best-buy,BestBuy,http://bestbuy.com/,05c3ab663e8c4757acbd51814cbaa6c7,,,,,,,,,,,,,,,,,,,,,,,,,,,,,,,,,,,,,,,
Wendy's Co,Wendy's,wendys,Wendys,http://www.wendys.com/,b8b944600ad44fa697ba0abfe89de296,,,,,,,,,,,,,,,,,,,,,,,,,,,,,,,,,,,,,,,
Burger King,Burger King,burger-king,BurgerKing,http://www.burgerking.com/,6caaa49d432a41bcba53f25e045a0ffe,,,,,,,,,,,,,,,,,,,,,,,,,,,,,,,,,,,,,,,
CVS/Caremark Corp,CVS,cvs,CVS_Extra,http://www.cvs.com/,66ffd43dbebc474da1f5c7f7de27b479,,CVS/pharmacy,CVS Pharmacy,,,,,,,,,,,,,,,,,,,,,,,,,,,,,,,,,,,,
Home Depot,Home Depot,home-depot,HomeDepot,http://homedepot.com/,7b5c958cbb1b4184bb3aba7056f8accf,,The Home Depot,,,,,,,,,,,,,,,,,,,,,,,,,,,,,,,,,,,,,
"Lowe's Companies, Inc.",Lowe's,lowes,Lowes,http://www.lowes.com/,f013a7edd0ed41fbb7660676c88b9bd1,,Lowe's Home Improvement,,,,,,,,,,,,,,,,,,,,,,,,,,,,,,,,,,,,,
Dunkin' Brands,Dunkin' Donuts,dunkin-donuts,DunkinDonuts,http://www.dunkindonuts.com/,8ed0a530a8cd4ffa83a3361df740a150,,Dunkin Donuts,,,,,,,,,,,,,,,,,,,,,,,,,,,,,,,,,,,,,
US Postal Service,US Post Office,us-post-office,USPS,http://www.usps.com/,493fdb1ada724c9483d7f77c900132f5,,U.S. Post Office,,,,,,,,,,,,,,,,,,,,,,,,,,,,,,,,,,,,,
7-Eleven,7-Eleven,7-eleven,7eleven,http://www.7-eleven.com/,c68f40410f7042d088ca117ec8b4adb1,,,,,,,,,,,,,,,,,,,,,,,,,,,,,,,,,,,,,,,
Apple Inc,Apple,apple,,https://www.apple.com/,6fba97b1038744ad8ab27d5fac99bfd7,,Apple Store,,,,,,,,,,,,,,,,,,,,,,,,,,,,,,,,,,,,,
Barnes & Noble,Barnes & Noble,barnes-noble,BNBuzz,http://www.barnesandnoble.com/,9076a9d4f7214c2694d311cfa7b4ace8,,Barnes & Noble Booksellers,,,,,,,,,,,,,,,,,,,,,,,,,,,,,,,,,,,,,
Brinker International,Brinker International,brinker-international,,http://www.brinker.com/,3f211bc079c349e593190a22cb38f72c,,,,,,,,,,,,,,,,,,,,,,,,,,,,,,,,,,,,,,,
Chili's,Chili's,chilis,Chilis,http://www.chilis.com/,,Brinker International,Chili's Grill & Bar,,,,,,,,,,,,,,,,,,,,,,,,,,,,,,,,,,,,,
Maggiano's Little Italy,Maggiano's Little Italy,maggianos-little-italy,Maggianos,http://www.maggianos.com/,,Brinker International,,,,,,,,,,,,,,,,,,,,,,,,,,,,,,,,,,,,,,
Darden Restaurants,Darden Restaurants,darden-restaurants,DardenGroup,http://www.darden.com/,edef9d4cf48346cbb64d7414e3cccde3,,,,,,,,,,,,,,,,,,,,,,,,,,,,,,,,,,,,,,,
Olive Garden,Olive Garden,olive-garden,olivegarden,http://www.olivegarden.com/,,Darden Restaurants,,,,,,,,,,,,,,,,,,,,,,,,,,,,,,,,,,,,,,
Red Lobster,Red Lobster,red-lobster,redlobster,http://www.redlobster.com/,,Darden Restaurants,,,,,,,,,,,,,,,,,,,,,,,,,,,,,,,,,,,,,,
LongHorn Steakhouse,LongHorn Steakhouse,longhorn-steakhouse,LiveAtLongHorn,http://www.longhornsteakhouse.com/,,Darden Restaurants,,,,,,,,,,,,,,,,,,,,,,,,,,,,,,,,,,,,,,
Seasons 52,Seasons 52,seasons-52,Seasons52,http://www.seasons52.com/,,Darden Restaurants,,,,,,,,,,,,,,,,,,,,,,,,,,,,,,,,,,,,,,
Eddie V's,Eddie V's,eddie-v,,http://www.eddiev.com/,,Darden Restaurants,,,,,,,,,,,,,,,,,,,,,,,,,,,,,,,,,,,,,,
The Capital Grille,The Capital Grille,the-capital-grille,CapitalGrille,http://www.thecapitalgrille.com/,,Darden Restaurants,,,,,,,,,,,,,,,,,,,,,,,,,,,,,,,,,,,,,,
Bahama Breeze,Bahama Breeze,bahama-breeze,,http://www.bahamabreeze.com/,,Darden Restaurants,,,,,,,,,,,,,,,,,,,,,,,,,,,,,,,,,,,,,,
Berkshire Hathaway,Berkshire Hathaway,berkshire-hathaway,,http://www.berkshirehathaway.com/,89e46ce3ecf64b82aa6687181cbfb86d,,,,,,,,,,,,,,,,,,,,,,,,,,,,,,,,,,,,,,,
Dairy Queen,Dairy Queen,dairy-queen,DairyQueen,http://www.dairyqueen.com/,,Berkshire Hathaway,,,,,,,,,,,,,,,,,,,,,,,,,,,,,,,,,,,,,,
Whole Foods Market,Whole Foods Market,whole-foods,WholeFoods,http://www.wholefoodsmarket.com/,f286084137ff4880855617eb33a23f27,,Whole Foods,,,,,,,,,,,,,,,,,,,,,,,,,,,,,,,,,,,,,
Bank of America,Bank of America,bank-of-america,BofA_Community,https://www.bankofamerica.com/,878b4d98431344de88d8fb9757043a95,,Bank of America Stadium,,,,,,,,,,,,,,,,,,,,,,,,,,,,,,,,,,,,,
Royal Dutch Shell,Royal Dutch Shell,royal-dutch-shell,Shell,http://www.shell.com/,72bef181f3fd4ef69f4eb2f9ec5b8566,,,,,,,,,,,,,,,,,,,,,,,,,,,,,,,,,,,,,,,
Shell Oil Company,Shell Oil,shell,,,56631c09b4c948648c42733b19a844e9,Royal Dutch Shell,Shell,Shell Gas Station,,,,,,,,,,,,,,,,,,,,,,,,,,,,,,,,,,,,
Landry's Restaurants,Landry's Restaurants,landrys-restaurants,,http://www.landrysrestaurants.com/,e78ef304f75d49ffbdac38c566a983f9,,,,,,,,,,,,,,,,,,,,,,,,,,,,,,,,,,,,,,,
Morton's The Steakhouse,Morton's The Steakhouse,mortons-the-steakhouse,,,,Landry's Restaurants,,,,,,,,,,,,,,,,,,,,,,,,,,,,,,,,,,,,,,
Downtown Aquarium,Downtown Aquarium,downtown-aquarium,,,,Landry's Restaurants,Denver Downtown Aquarium Restaurant,Denver Aquarium,Kemah Aquarium,Aquarium Restaurant,,,,,,,,,,,,,,,,,,,,,,,,,,,,,,,,,,
Bed Bath & Beyond,Bed Bath & Beyond,bed-bath-beyond,,,402aec404bae4f019b4925ff3424acf9,,,,,,,,,,,,,,,,,,,,,,,,,,,,,,,,,,,,,,,
Interpublic Group,Interpublic Group,interpublic-group,,,6f09ed6cd5d541c28a26d2c4b5ed0a8c,,,,,,,,,,,,,,,,,,,,,,,,,,,,,,,,,,,,,,,
DraftFCB,DraftFCB,draftfcb,,,,Interpublic Group,Draftfcb Coffee Bar,,,,,,,,,,,,,,,,,,,,,,,,,,,,,,,,,,,,,
LA Fitness International,LA Fitness,la-fitness,,,5a591b3e97de45b899899a0e06284707,,LA Fitness Tucson Southeast,,,,,,,,,,,,,,,,,,,,,,,,,,,,,,,,,,,,,
Gaylord Entertainment,Gaylord Entertainment,gaylord-entertainment,,,dd9e651645df430db5d3bf0e2ff76cca,,Gaylord National Resort & Convention Center,,,,,,,,,,,,,,,,,,,,,,,,,,,,,,,,,,,,,
Rush University,Rush University,rush-university,,,e82e0aeffc324da485e7e096559b37fa,,Rush University Medical Center,,,,,,,,,,,,,,,,,,,,,,,,,,,,,,,,,,,,,
Starwood Hotels & Resorts Worldwide,Starwood Hotels & Resorts,starwood-hotels-resorts,,,3c956cbbe0954680a549dde27814102b,,,,,,,,,,,,,,,,,,,,,,,,,,,,,,,,,,,,,,,
Westin Hotels & Resorts,Westin Hotels & Resorts,westin-hotels-resorts,,,,Starwood Hotels & Resorts Worldwide,The Westin Michigan Avenue,The Westin,The Westin Cincinnati,The Westin Denver Downtown,The Westin Park Central,,,,,,,,,,,,,,,,,,,,,,,,,,,,,,,,,
Marriott International,Marriott International,marriott-international,,,5747eadb8b8b41b2ab70ed30ce349c1a,,Courtyard by Marriott,Fairfield Inn by Marriott,SpringHill Suites by Marriott,Fairfield Inn & Suites by Marriott New York Manhattan/Fifth Avenue,Fairfield Inn & Suites by Marriott,Courtyard Marriott- Mahwah,Residence Inn by Marriott,Marriott Residence Inn Waterfront,,,,,,,,,,,,,,,,,,,,,,,,,,,,,,
Marriott Hotels & Resorts,Marriott Hotels & Resorts,marriott-hotels-resorts,,,,Marriott International,Marriott San Ramon,Marriott,San Francisco Marriott Marquis,Pittsburgh Marriott City Center,Marriott Suites,Marriott DFW Airport,Marriott City Center,,,,,,,,,,,,,,,,,,,,,,,,,,,,,,,
Novell Inc,Novell,novell,,,7e0a6f3b11cc4a2498faadb0850c672d,,,,,,,,,,,,,,,,,,,,,,,,,,,,,,,,,,,,,,,
Microsoft Corp,Microsoft,microsoft,,,f1244474fad44ad9a3a57859b4a709b1,,Microsoft Conference Center,,,,,,,,,,,,,,,,,,,,,,,,,,,,,,,,,,,,,
Crawford Group,Crawford Group,crawford-group,,,3de43548ec8d44ccbda43d8b7b7db726,,,,,,,,,,,,,,,,,,,,,,,,,,,,,,,,,,,,,,,
Enterprise Holdings,Enterprise Holdings,enterprise-holdings,,,c7314d51a9964b418a3010431d45cec8,Crawford Group,,,,,,,,,,,,,,,,,,,,,,,,,,,,,,,,,,,,,,
National Car Rental,National Car Rental,national-car-rental,,,,Enterprise Holdings,,,,,,,,,,,,,,,,,,,,,,,,,,,,,,,,,,,,,,
TJX Companies,TJX Companies,tjx-companies,,,89b5b4ee5bb84f8996b5b32952a2c1f2,,,,,,,,,,,,,,,,,,,,,,,,,,,,,,,,,,,,,,,
Marshalls,Marshalls,marshalls,,,,TJX Companies,,,,,,,,,,,,,,,,,,,,,,,,,,,,,,,,,,,,,,
T.J. Maxx,T.J. Maxx,tj-maxx,,,,TJX Companies,TJ Maxx,,,,,,,,,,,,,,,,,,,,,,,,,,,,,,,,,,,,,
HomeGoods,HomeGoods,homegoods,,,,TJX Companies,,,,,,,,,,,,,,,,,,,,,,,,,,,,,,,,,,,,,,
Winners,Winners,winners,,,,TJX Companies,,,,,,,,,,,,,,,,,,,,,,,,,,,,,,,,,,,,,,
HomeSense,HomeSense,homesense,,,,TJX Companies,,,,,,,,,,,,,,,,,,,,,,,,,,,,,,,,,,,,,,
T.K. Maxx,T.K. Maxx,tk-maxx,,,,TJX Companies,,,,,,,,,,,,,,,,,,,,,,,,,,,,,,,,,,,,,,
Ritz-Carlton,Ritz-Carlton,ritz-carlton,,,,Marriott International,,,,,,,,,,,,,,,,,,,,,,,,,,,,,,,,,,,,,,
Aveda Corp,Aveda,aveda,,,ee9c137048f545188fc23adaa3d9604c,,Aveda Institute,,,,,,,,,,,,,,,,,,,,,,,,,,,,,,,,,,,,,
InterContinental Hotels Group,InterContinental Hotels Group,intercontinental-hotels-group,,,51d39158d32344bfa18d1fea6fec38aa,,,,,,,,,,,,,,,,,,,,,,,,,,,,,,,,,,,,,,,
Holiday Inn,Holiday Inn,holiday-inn,,,,InterContinental Hotels Group,Holiday Inn Express Hotel & Suites,Holiday Inn Express,,,,,,,,,,,,,,,,,,,,,,,,,,,,,,,,,,,,
Hearst Corp,Hearst,hearst,,,3181ebeb46954a60bb5ab2f66e8cb60e,,Hearst Tower,,,,,,,,,,,,,,,,,,,,,,,,,,,,,,,,,,,,,
Supervalu Inc,Supervalu,supervalu,,,6a5d040e96a34bf2a394c00b7c1d1ddd,,,,,,,,,,,,,,,,,,,,,,,,,,,,,,,,,,,,,,,
Jewel-Osco,Jewel-Osco,jewel-osco,,,,Supervalu Inc,,,,,,,,,,,,,,,,,,,,,,,,,,,,,,,,,,,,,,
Kohl's Department Stores,Kohl's,kohls,,,90d8607466e44ae684ac91fd896bbc20,,,,,,,,,,,,,,,,,,,,,,,,,,,,,,,,,,,,,,,
Enterprise Rent-A-Car,Enterprise Rent-A-Car,enterprise-rent-a-car,,,cc28b8a08cb84a21ab5c746ceb4a9d8c,Enterprise Holdings,,,,,,,,,,,,,,,,,,,,,,,,,,,,,,,,,,,,,,
Alamo Rent-A-Car,Alamo Rent-A-Car,alamo-rent-a-car,,,c1b2a6af584144b38b3c8ef38c3e45d2,Enterprise Holdings,,,,,,,,,,,,,,,,,,,,,,,,,,,,,,,,,,,,,,
PhillyCarShare,PhillyCarShare,phillycarshare,,,,Enterprise Holdings,PhillyCarShare Parking Locale,PhillyCarShare Hub,,,,,,,,,,,,,,,,,,,,,,,,,,,,,,,,,,,,
WeCar,WeCar,wecar,,,,Enterprise Holdings,,,,,,,,,,,,,,,,,,,,,,,,,,,,,,,,,,,,,,
Go Daddy Group,Go Daddy Group,go-daddy-group,,,374ee64b8058410c8dd2a2397d229e67,,,,,,,,,,,,,,,,,,,,,,,,,,,,,,,,,,,,,,,
Go Daddy,Go Daddy,go-daddy,,,d8dd2819542f49d4a0f0903021fdc3a6,Go Daddy Group,Go Daddy Technology Park,GoDaddy.com - Iowa,GoDaddy.com - Phoenix,,,,,,,,,,,,,,,,,,,,,,,,,,,,,,,,,,,
Trader Joe's,Trader Joe's,trader-joes,,,409be620d12b474bb76f4b24a92df50e,,,,,,,,,,,,,,,,,,,,,,,,,,,,,,,,,,,,,,,
Macy's Inc,Macy's,macys,,,de4f4fe839a0447381be558dd1f70507,,,,,,,,,,,,,,,,,,,,,,,,,,,,,,,,,,,,,,,
Bloomingdale's,Bloomingdale's,bloomingdales,,,,Macy's Inc,,,,,,,,,,,,,,,,,,,,,,,,,,,,,,,,,,,,,,
Wawa Inc,Wawa,wawa,,,e1e8a61266234a49b979ae6dd570fd7c,,,,,,,,,,,,,,,,,,,,,,,,,,,,,,,,,,,,,,,
East Dawning,East Dawning,east-dawning,,,,Yum! Brands,,,,,,,,,,,,,,,,,,,,,,,,,,,,,,,,,,,,,,
Pizza Hut,Pizza Hut,pizza-hut,,,0ef982d9d45442e68bb70fa9257e96a3,Yum! Brands,,,,,,,,,,,,,,,,,,,,,,,,,,,,,,,,,,,,,,
Pizza Hut Franchisees Assn,Pizza Hut Franchisees Assn,,,,da25e59a3dbe42d7b4b3e5432b5a792f,Pizza Hut,,,,,,,,,,,,,,,,,,,,,,,,,,,,,,,,,,,,,,
KFC,KFC,kfc,,,,Yum! Brands,KFC - Kentucky Fried Chicken,KFC/Taco Bell,,,,,,,,,,,,,,,,,,,,,,,,,,,,,,,,,,,,
Assn of KFC Franchisees,Assn of KFC Franchisees,,,,da793844e30845a692a5676429475382,KFC,,,,,,,,,,,,,,,,,,,,,,,,,,,,,,,,,,,,,,
Babin's Seafood House,Babin's Seafood House,babins-seafood-house,,,,Landry's Restaurants,,,,,,,,,,,,,,,,,,,,,,,,,,,,,,,,,,,,,,
Beso Steakhouse,Beso Steakhouse,beso-steakhouse,,,,Landry's Restaurants,,,,,,,,,,,,,,,,,,,,,,,,,,,,,,,,,,,,,,
Big Fish Seafood Bistro,Big Fish Seafood Bistro,big-fish-seafood-bistro,,,,Landry's Restaurants,,,,,,,,,,,,,,,,,,,,,,,,,,,,,,,,,,,,,,
Brenner's Steakhouse,Brenner's Steakhouse,brenners-steakhouse,,,,Landry's Restaurants,,,,,,,,,,,,,,,,,,,,,,,,,,,,,,,,,,,,,,
Bubba Gump Shrimp Co,Bubba Gump Shrimp Co,bubba-gump-shrimp-co,,,,Landry's Restaurants,,,,,,,,,,,,,,,,,,,,,,,,,,,,,,,,,,,,,,
Cadillac Bar,Cadillac Bar,cadillac-bar,,,,Landry's Restaurants,,,,,,,,,,,,,,,,,,,,,,,,,,,,,,,,,,,,,,
Charley's Crab,Charley's Crab,charleys-crab,,,,Landry's Restaurants,,,,,,,,,,,,,,,,,,,,,,,,,,,,,,,,,,,,,,
Chart House,Chart House,chart-house,,,,Landry's Restaurants,,,,,,,,,,,,,,,,,,,,,,,,,,,,,,,,,,,,,,
Claim Jumper,Claim Jumper,claim-jumper,,,,Landry's Restaurants,,,,,,,,,,,,,,,,,,,,,,,,,,,,,,,,,,,,,,
The Crab House,The Crab House,the-crab-house,,,,Landry's Restaurants,,,,,,,,,,,,,,,,,,,,,,,,,,,,,,,,,,,,,,
Fish Tales,Fish Tales,fish-tales,,,,Landry's Restaurants,,,,,,,,,,,,,,,,,,,,,,,,,,,,,,,,,,,,,,
Fisherman's Wharf,Fisherman's Wharf,fishermans-wharf,,,,Landry's Restaurants,,,,,,,,,,,,,,,,,,,,,,,,,,,,,,,,,,,,,,
The Flying Dutchman,The Flying Dutchman,the-flying-dutchman,,,,Landry's Restaurants,,,,,,,,,,,,,,,,,,,,,,,,,,,,,,,,,,,,,,
Harlow's Food & Fun,Harlow's Food & Fun,harlows-food-fun,,,,Landry's Restaurants,,,,,,,,,,,,,,,,,,,,,,,,,,,,,,,,,,,,,,
Kemah Boardwalk,Kemah Boardwalk,kemah-boardwalk,,,,Landry's Restaurants,,,,,,,,,,,,,,,,,,,,,,,,,,,,,,,,,,,,,,
La Griglia,La Griglia,la-griglia,,,,Landry's Restaurants,,,,,,,,,,,,,,,,,,,,,,,,,,,,,,,,,,,,,,
Landry's Seafood House,Landry's Seafood House,landrys-seafood-house,,,,Landry's Restaurants,,,,,,,,,,,,,,,,,,,,,,,,,,,,,,,,,,,,,,
Mai Tai Bar,Mai Tai Bar,mai-tai-bar,,,,Landry's Restaurants,,,,,,,,,,,,,,,,,,,,,,,,,,,,,,,,,,,,,,
McCormick & Schmick's,McCormick & Schmick's,mccormick-schmicks,,,,Landry's Restaurants,,,,,,,,,,,,,,,,,,,,,,,,,,,,,,,,,,,,,,
Grand Concourse,Grand Concourse,grand-concourse,,,,Landry's Restaurants,,,,,,,,,,,,,,,,,,,,,,,,,,,,,,,,,,,,,,
Gandy Dancer,Gandy Dancer,gandy-dancer,,,,Landry's Restaurants,Gandy Dancer Saloon,,,,,,,,,,,,,,,,,,,,,,,,,,,,,,,,,,,,,
The Oceanaire Seafood Room,The Oceanaire Seafood Room,oceanaire-seafood-room,,,,Landry's Restaurants,Oceanaire Seafood Room Mpls,Oceanaire Seafood Room,,,,,,,,,,,,,,,,,,,,,,,,,,,,,,,,,,,,
Peohe's,Peohe's,peohes,,,,Landry's Restaurants,,,,,,,,,,,,,,,,,,,,,,,,,,,,,,,,,,,,,,
Rainforest Cafe,Rainforest Cafe,rainforest-cafe,,,,Landry's Restaurants,,,,,,,,,,,,,,,,,,,,,,,,,,,,,,,,,,,,,,
Red Sushi,Red Sushi,red-sushi,,,,Landry's Restaurants,Red Sushi at Golden Nugget,,,,,,,,,,,,,,,,,,,,,,,,,,,,,,,,,,,,,
Saltgrass Steak House,Saltgrass Steak House,saltgrass-steak-house,,,,Landry's Restaurants,,,,,,,,,,,,,,,,,,,,,,,,,,,,,,,,,,,,,,
Simms Steakhouse,Simms Steakhouse,simms-steakhouse,,,,Landry's Restaurants,,,,,,,,,,,,,,,,,,,,,,,,,,,,,,,,,,,,,,
T-Rex Cafe,T-Rex Cafe,t-rex-cafe,,,,Landry's Restaurants,,,,,,,,,,,,,,,,,,,,,,,,,,,,,,,,,,,,,,
Tower of the Americas,Tower of the Americas,tower-of-the-americas,,,,Landry's Restaurants,,,,,,,,,,,,,,,,,,,,,,,,,,,,,,,,,,,,,,
Vic & Anthony's Steakhouse,Vic & Anthony's Steakhouse,vic-anthonys-steakhouse,,,,Landry's Restaurants,Vic And Anthony's Steakhouse,Vic & Anthony's Steak House,,,,,,,,,,,,,,,,,,,,,,,,,,,,,,,,,,,,
Willie G's Seafood & Steaks,Willie G's Seafood & Steaks,willie-gs-seafood-steaks,,,,Landry's Restaurants,,,,,,,,,,,,,,,,,,,,,,,,,,,,,,,,,,,,,,
Yak & Yeti,Yak & Yeti,yak-yeti,,,,Landry's Restaurants,Yak & Yeti Restaurant,,,,,,,,,,,,,,,,,,,,,,,,,,,,,,,,,,,,,
Sonic Corp,Sonic Drive-In,sonic-drive-in,,,b08334e5b22c49708968498823e54fed,,Sonic,,,,,,,,,,,,,,,,,,,,,,,,,,,,,,,,,,,,,
Publix Super Markets,Publix,publix,,,8ed225eea57b4731b00f74ec714b9aa8,,,,,,,,,,,,,,,,,,,,,,,,,,,,,,,,,,,,,,,
Kroger,Kroger,kroger,,,87e8623bc61a4a9a88bfe6b47246a578,,Kroger Marketplace,Kroger Food and Drug,Kroger Fresh Fare,Kroger Signature,,,,,,,,,,,,,,,,,,,,,,,,,,,,,,,,,,
Dillons,Dillons,dillons,,,,Kroger,,,,,,,,,,,,,,,,,,,,,,,,,,,,,,,,,,,,,,
Food 4 Less,Food 4 Less,food-4-less,,,,Kroger,,,,,,,,,,,,,,,,,,,,,,,,,,,,,,,,,,,,,,
Foods Co,Foods Co,foods-co,,,,Kroger,,,,,,,,,,,,,,,,,,,,,,,,,,,,,,,,,,,,,,
Fred Meyer,Fred Meyer,fred-meyer,,,,Kroger,Fred Meyer Marketplace,,,,,,,,,,,,,,,,,,,,,,,,,,,,,,,,,,,,,
Fred Meyer Jewelers,Fred Meyer Jewelers,fred-meyer-jewelers,,,,Kroger,,,,,,,,,,,,,,,,,,,,,,,,,,,,,,,,,,,,,,
Littman Jewelers,Littman Jewelers,littman-jewelers,,,,Fred Meyer Jewelers,,,,,,,,,,,,,,,,,,,,,,,,,,,,,,,,,,,,,,
Barclay Jewelers,Barclay Jewelers,barclay-jewelers,,,,Fred Meyer Jewelers,,,,,,,,,,,,,,,,,,,,,,,,,,,,,,,,,,,,,,
Fry's Food and Drug,Fry's Food and Drug,frys-food-and-drug,,,,Kroger,,,,,,,,,,,,,,,,,,,,,,,,,,,,,,,,,,,,,,
Fry's Marketplace,Fry's Marketplace,frys-marketplace,,,,Fry's Food and Drug,Fry's Mercado,Fry's Signature,,,,,,,,,,,,,,,,,,,,,,,,,,,,,,,,,,,,
Gerbes,Gerbes,gerbes,,,,Kroger,Gerbes Super Store,Gerbes Supermarket,,,,,,,,,,,,,,,,,,,,,,,,,,,,,,,,,,,,
JayC Food Stores,JayC Food Stores,jayc-food-stores,,,,Kroger,,,,,,,,,,,,,,,,,,,,,,,,,,,,,,,,,,,,,,
King Soopers,King Soopers,king-soopers,,,,Kroger,King Soopers Marketplace,King Soopers Fresh Fare,,,,,,,,,,,,,,,,,,,,,,,,,,,,,,,,,,,,
Kwik Shop,Kwik Shop,kwik-shop,,,,Kroger,,,,,,,,,,,,,,,,,,,,,,,,,,,,,,,,,,,,,,
Loaf 'N Jug,Loaf 'N Jug,loaf-n-jug,,,,Kroger,Loaf N Jug,,,,,,,,,,,,,,,,,,,,,,,,,,,,,,,,,,,,,
Owen's Market,Owen's Market,owens-market,,,,Kroger,,,,,,,,,,,,,,,,,,,,,,,,,,,,,,,,,,,,,,
QFC,QFC,qfc,,,,Kroger,,,,,,,,,,,,,,,,,,,,,,,,,,,,,,,,,,,,,,
Quik Stop,Quik Stop,quik-stop,,,,Kroger,,,,,,,,,,,,,,,,,,,,,,,,,,,,,,,,,,,,,,
Ralphs,Ralphs,ralphs,,,,Kroger,Ralphs Fresh Fare,,,,,,,,,,,,,,,,,,,,,,,,,,,,,,,,,,,,,
Scott's Food & Pharmacy,Scott's Food & Pharmacy,scotts-food-pharmacy,,,,Kroger,,,,,,,,,,,,,,,,,,,,,,,,,,,,,,,,,,,,,,
Smith's Express,Smith's Express,smiths-express,,,,Kroger,,,,,,,,,,,,,,,,,,,,,,,,,,,,,,,,,,,,,,
Smith's Food and Drug,Smith's Food and Drug,smiths-food-and-drug,,,,Kroger,,,,,,,,,,,,,,,,,,,,,,,,,,,,,,,,,,,,,,
Smith's Marketplace,Smith's Marketplace,smiths-marketplace,,,,Smith's Food and Drug,,,,,,,,,,,,,,,,,,,,,,,,,,,,,,,,,,,,,,
Turkey Hill Minit Markets,Turkey Hill Minit Markets,turkey-hill-minit-markets,,,,Kroger,,,,,,,,,,,,,,,,,,,,,,,,,,,,,,,,,,,,,,
DineEquity Inc,DineEquity,DineEquity,,,96388f500db74462bce44657f123d467,,,,,,,,,,,,,,,,,,,,,,,,,,,,,,,,,,,,,,,
IHOP,IHOP,IHOP,,,,DineEquity Inc,,,,,,,,,,,,,,,,,,,,,,,,,,,,,,,,,,,,,,
Applebee's,Applebee's,Applebee's,,,6989138d8e4840b5bf8c889407edfb3e,DineEquity Inc,,,,,,,,,,,,,,,,,,,,,,,,,,,,,,,,,,,,,,
Jack In The Box,Jack In The Box,Jack In The Box,,,572caee4bb4e44eba57f273059d04c1a,,,,,,,,,,,,,,,,,,,,,,,,,,,,,,,,,,,,,,,
Qdoba Mexican Grill,Qdoba Mexican Grill,Qdoba Mexican Grill,,,,Jack In The Box,Qdoba,,,,,,,,,,,,,,,,,,,,,,,,,,,,,,,,,,,,,
CBRL Group,CBRL Group,CBRL Group,,,3d0402f013dd4163a7f65565b7c05b03,,,,,,,,,,,,,,,,,,,,,,,,,,,,,,,,,,,,,,,
Cracker Barrel,Cracker Barrel,Cracker Barrel,,,40b88db502e84067b7b932e494ff6573,CBRL Group,Cracker Barrel Old Country Store,,,,,,,,,,,,,,,,,,,,,,,,,,,,,,,,,,,,,
buybuy BABY,buybuy BABY,buybuy BABY,,,,Bed Bath & Beyond,,,,,,,,,,,,,,,,,,,,,,,,,,,,,,,,,,,,,,
Christmas Tree Shops,Christmas Tree Shops,cristmas-tree-shops,,,,Bed Bath & Beyond,Christmas Tree Shop,,,,,,,,,,,,,,,,,,,,,,,,,,,,,,,,,,,,,
Cost Plus World Market,Cost Plus World Market,cost-plus-world-market,,,,Bed Bath & Beyond,Cost Plus,World Market,,,,,,,,,,,,,,,,,,,,,,,,,,,,,,,,,,,,
Safeway Inc,Safeway,Safeway,,,23164aa2447e46bfbab3969a728ceec4,,Safeway Food and Drug,Safeway Fuel,Safeway Fuel Station,,,,,,,,,,,,,,,,,,,,,,,,,,,,,,,,,,,
Carrs/Safeway,Carrs/Safeway,carrs-safeway,,,,Safeway Inc,,,,,,,,,,,,,,,,,,,,,,,,,,,,,,,,,,,,,,
Dominick's,Dominick's,dominicks,,,,Safeway Inc,,,,,,,,,,,,,,,,,,,,,,,,,,,,,,,,,,,,,,
Pak'n Save,Pak'n Save,pak-n-save,,,,Safeway Inc,Pak N Save,,,,,,,,,,,,,,,,,,,,,,,,,,,,,,,,,,,,,
Tom Thumb Food & Pharmacy,Tom Thumb,tom-thumb,,,,Safeway Inc,,,,,,,,,,,,,,,,,,,,,,,,,,,,,,,,,,,,,,
Randall's Food Markets,Randalls,randalls,,,,Safeway Inc,Randall's Food Markets,,,,,,,,,,,,,,,,,,,,,,,,,,,,,,,,,,,,,
Vons,Vons,vons,,,,Safeway Inc,,,,,,,,,,,,,,,,,,,,,,,,,,,,,,,,,,,,,,
Pavilions,Pavilions,pavilions,,,,Vons,,,,,,,,,,,,,,,,,,,,,,,,,,,,,,,,,,,,,,
Jimmy John's,Jimmy John's,jimmy-johns,,,5939f13f8fba4097b6bd40de8ba1fc06,,Jimmy John's Gourmet Sandwiches,,,,,,,,,,,,,,,,,,,,,,,,,,,,,,,,,,,,,
QuikTrip,QuikTrip,quiktrip,,,41e9e1808add4a57b71ce7ac695d0330,,,,,,,,,,,,,,,,,,,,,,,,,,,,,,,,,,,,,,,
Gap Inc,Gap,gap,,,01758418e973471aab25aac0168c689c,,,,,,,,,,,,,,,,,,,,,,,,,,,,,,,,,,,,,,,
Banana Republic,Banana Republic,banana-republic,,,,Gap Inc,,,,,,,,,,,,,,,,,,,,,,,,,,,,,,,,,,,,,,
Old Navy,Old Navy,old-navy,,,,Gap Inc,,,,,,,,,,,,,,,,,,,,,,,,,,,,,,,,,,,,,,
Piperlime,Piperlime,piperlime,,,,Gap Inc,,,,,,,,,,,,,,,,,,,,,,,,,,,,,,,,,,,,,,
Athleta,Athleta,athleta,,,,Gap Inc,,,,,,,,,,,,,,,,,,,,,,,,,,,,,,,,,,,,,,
Sheetz,Sheetz,sheetz,,,84419a803ce6424098bd321832c896d1,,,,,,,,,,,,,,,,,,,,,,,,,,,,,,,,,,,,,,,
Rite Aid Corp,Rite Aid,rite-aid,,,cac204acd40e4be9a1ee80f77dce3bbf,,,,,,,,,,,,,,,,,,,,,,,,,,,,,,,,,,,,,,,
BP,BP,bp,,,6677c9b020c94e25b05168fe3e6e8aa2,,BP Gas Station,,,,,,,,,,,,,,,,,,,,,,,,,,,,,,,,,,,,,
BP America,,,,,284b40c63fa44064b4faad0ea0462428,BP,,,,,,,,,,,,,,,,,,,,,,,,,,,,,,,,,,,,,,
OSI Restaurant Partners,OSI Restaurant Partners,osi-restaurant-partners,,,9f44861139474e5f8cf6413220cf2205,,,,,,,,,,,,,,,,,,,,,,,,,,,,,,,,,,,,,,,
Outback Steakhouse,Outback Steakhouse,outback-steakhouse,,,3fe33fd797384ccf824c7c297a508f5b,OSI Restaurant Partners,,,,,,,,,,,,,,,,,,,,,,,,,,,,,,,,,,,,,,
Carrabba's Italian Grill,Carrabba's Italian Grill,carrabbas-italian-grill,,,,OSI Restaurant Partners,Carrabba's,,,,,,,,,,,,,,,,,,,,,,,,,,,,,,,,,,,,,
Bonefish Grill,Bonefish Grill,bonefish-grill,,,,OSI Restaurant Partners,,,,,,,,,,,,,,,,,,,,,,,,,,,,,,,,,,,,,,
Fleming's Prime Steakhouse & Wine Bar,Fleming's,flemings,,,,OSI Restaurant Partners,,,,,,,,,,,,,,,,,,,,,,,,,,,,,,,,,,,,,,
Roy's,Roy's,roys,,,,OSI Restaurant Partners,Roy's Hawaiian Fusion,,,,,,,,,,,,,,,,,,,,,,,,,,,,,,,,,,,,,
Marathon Oil,Marathon Oil,marathon-oil,,,894b0134033448daa5208aa97455575b,,Marathon Oil Tower,Marathon,,,,,,,,,,,,,,,,,,,,,,,,,,,,,,,,,,,,
Speedway LLC,Speedway,speedway,,,,Marathon Oil,,,,,,,,,,,,,,,,,,,,,,,,,,,,,,,,,,,,,,
Chevron Corp,Chevron,chevron,,,ad060fd499a245368a7744522b79b2c2,,Chevron / Town Pantry,,,,,,,,,,,,,,,,,,,,,,,,,,,,,,,,,,,,,
Texaco,Texaco,texaco,,,43a2b73fcbe041289c705cd8f63834bc,Chevron Corp,,,,,,,,,,,,,,,,,,,,,,,,,,,,,,,,,,,,,,
Caltex,Caltex,caltex,,,14bf5281a96147a6a95ba27b1e8a97a5,Chevron Corp,,,,,,,,,,,,,,,,,,,,,,,,,,,,,,,,,,,,,,
Waffle House Inc,Waffle House,waffle-house,,,ce78afb271054e01bc67cfdfa8468645,,,,,,,,,,,,,,,,,,,,,,,,,,,,,,,,,,,,,,,
Baskin-Robbins,Baskin-Robbins,baskin-robbins,,,,Dunkin' Brands,,,,,,,,,,,,,,,,,,,,,,,,,,,,,,,,,,,,,,
Staples Inc,Staples,staples,,,1f778013f8b04676b7cde0e70c605067,,Officenet Staples,Staples Office Centre,Staples Center,,,,,,,,,,,,,,,,,,,,,,,,,,,,,,,,,,,
ExxonMobil,ExxonMobil,exxonmobil,,,819555dfc3d449d2be54286f0cb385e2,,Exxon,,,,,,,,,,,,,,,,,,,,,,,,,,,,,,,,,,,,,
Exxon Corp,,,,,b226ae4e7d504d8591e1d04c09d5da3c,ExxonMobil,,,,,,,,,,,,,,,,,,,,,,,,,,,,,,,,,,,,,,
Esso,Esso,esso,,,,ExxonMobil,,,,,,,,,,,,,,,,,,,,,,,,,,,,,,,,,,,,,,
Mobil Oil,,,,,3c9200a6aa45473c88058a88c8efc5c0,ExxonMobil,,,,,,,,,,,,,,,,,,,,,,,,,,,,,,,,,,,,,,
Dollar Tree,Dollar Tree,dollar-tree,,,b4fbc47f85e54272bc9657fec40411a0,,,,,,,,,,,,,,,,,,,,,,,,,,,,,,,,,,,,,,,
Dollar Giant,Dollar Giant,dollar-giant,,,,Dollar Tree,,,,,,,,,,,,,,,,,,,,,,,,,,,,,,,,,,,,,,
Menard Inc,Menards,menards,,,aae82f087a4e46cf82fa256bfc92b815,,,,,,,,,,,,,,,,,,,,,,,,,,,,,,,,,,,,,,,
Sam's Club,Sam's Club,sams-club,,,,Wal-Mart Stores,,,,,,,,,,,,,,,,,,,,,,,,,,,,,,,,,,,,,,
The Cheesecake Factory,The Cheesecake Factory,the-cheesecake-factory,,,7929fa3ba6354811b203f61941a3f37b,,Cheesecake Factory,,,,,,,,,,,,,,,,,,,,,,,,,,,,,,,,,,,,,
Grand Lux Cafe,Grand Lux Cafe,grand-lux-cafe,,,,The Cheesecake Factory,,,,,,,,,,,,,,,,,,,,,,,,,,,,,,,,,,,,,,
RockSugar Pan Asian Kitchen,RockSugar Pan Asian Kitchen,rocksugar-pan-asian-kitchen,,,,The Cheesecake Factory,,,,,,,,,,,,,,,,,,,,,,,,,,,,,,,,,,,,,,
U.S. Bank,U.S. Bank,us-bank,,,1dfb6cb3bc524f51adba93f940e383dd,,,,,,,,,,,,,,,,,,,,,,,,,,,,,,,,,,,,,,,
U.S. Bancorp,,,,,29026bcf38a24f1fa93b9572f3c85cb4,U.S. Bank,,,,,,,,,,,,,,,,,,,,,,,,,,,,,,,,,,,,,,
Wells Fargo,Wells Fargo,wells-fargo,,,793070ae7f5e42c2a76a58663a588f3d,,Wells Fargo Center,,,,,,,,,,,,,,,,,,,,,,,,,,,,,,,,,,,,,
Wachovia,Wachovia,wachovia,,,1625afe704a141cabff04f1b931aabd8,Wells Fargo,,,,,,,,,,,,,,,,,,,,,,,,,,,,,,,,,,,,,,
Sears Holdings Corp,Sears,sears,,,63655781169f4c46ac7d91f2f8263429,,,,,,,,,,,,,,,,,,,,,,,,,,,,,,,,,,,,,,,
"Sears, Roebuck & Co",,,,,4995f399374c4e368e8b4b773e64a57a,Sears Holdings Corp,,,,,,,,,,,,,,,,,,,,,,,,,,,,,,,,,,,,,,
Kmart,Kmart,kmart,,,a4d6a8e4b7d54775aeed8469f8261860,Sears Holdings Corp,,,,,,,,,,,,,,,,,,,,,,,,,,,,,,,,,,,,,,
Pilot Corp,Pilot Corp,pilot-corp,,,d666eb2820f843d0b810462d8e6bd31f,,,,,,,,,,,,,,,,,,,,,,,,,,,,,,,,,,,,,,,
Pilot Travel Center,Pilot Travel Center,pilot-travel-center,,,2b481d63a15b4f20825f129b9c59d1b3,Pilot Corp,,,,,,,,,,,,,,,,,,,,,,,,,,,,,,,,,,,,,,
Flying J Travel Plaza,Flying J,flying-j,,,,Pilot Corp,Flying J Travel Plaza,,,,,,,,,,,,,,,,,,,,,,,,,,,,,,,,,,,,,
Golden Gate Capital,Golden Gate Capital,golden-gate-capital,,,e61792d8dc5c41fba991dfbdaa91d678,,,,,,,,,,,,,,,,,,,,,,,,,,,,,,,,,,,,,,,
California Pizza Kitchen,California Pizza Kitchen,california-pizza-kitchen,,,5680649401354365a478e8266a5abd0a,Golden Gate Capital,,,,,,,,,,,,,,,,,,,,,,,,,,,,,,,,,,,,,,
Petco Inc,Petco,petco,,,c9833319cebd41ec96e90271b690e817,,,,,,,,,,,,,,,,,,,,,,,,,,,,,,,,,,,,,,,
Carlson Companies,Carlson Companies,carlson-companies,,,6a3ada3c7ce849bdb7c356a6ed115590,,,,,,,,,,,,,,,,,,,,,,,,,,,,,,,,,,,,,,,
T.G.I. Friday's,T.G.I. Friday's,tgi-fridays,,,,Carlson Companies,,,,,,,,,,,,,,,,,,,,,,,,,,,,,,,,,,,,,,
Radisson Hotels,Radisson Hotels,radisson-hotels,,,,Carlson Companies,Radisson Hotel,Radisson Hotel Harrisburg,,,,,,,,,,,,,,,,,,,,,,,,,,,,,,,,,,,,
Country Inns & Suites,Country Inns & Suites,country-inns-suites,,,,Carlson Companies,,,,,,,,,,,,,,,,,,,,,,,,,,,,,,,,,,,,,,
Park Plaza Hotels & Resorts,Park Plaza Hotels & Resorts,park-plaza-hotels-resorts,,,,Carlson Companies,,,,,,,,,,,,,,,,,,,,,,,,,,,,,,,,,,,,,,
JC Penney,JC Penney,jc-penney,,,74a920b0753c44c29187a78251705513,,JCPenney,jcpenney,,,,,,,,,,,,,,,,,,,,,,,,,,,,,,,,,,,,
United Parcel Service,UPS,ups,,,c2daded88a9f4cc78cd513b0bf4c43fc,,The UPS Store,,,,,,,,,,,,,,,,,,,,,,,,,,,,,,,,,,,,,
Great Clips,Great Clips,great-clips,,,10fbc17278ef409ab757630c93e347be,,,,,,,,,,,,,,,,,,,,,,,,,,,,,,,,,,,,,,,
Leonard Green & Partners,Leonard Green & Partners,leonard-green-partners,,,55208ab216cf490693457fc3d2f6e008,,,,,,,,,,,,,,,,,,,,,,,,,,,,,,,,,,,,,,,
Sports Authority,Sports Authority,sports-authority,,,,Leonard Green & Partners,Sports Authority Field at Mile High,,,,,,,,,,,,,,,,,,,,,,,,,,,,,,,,,,,,,
David's Bridal,David's Bridal,davids-bridal,,,f2ed51169ec4402da0b9c0bef43097e7,Leonard Green & Partners,,,,,,,,,,,,,,,,,,,,,,,,,,,,,,,,,,,,,,
Jo-Ann Stores,Jo-Ann Stores,jo-ann-stores,,,b5c9327858d9480f91e19ee22a822953,Leonard Green & Partners,Jo-Ann Fabric and Craft Stores,Jo-Ann Fabrics,JoAnn etc Crafts,Joann ETC,Jo-Ann Stores Corporate Office,,,,,,,,,,,,,,,,,,,,,,,,,,,,,,,,,
Hobby Lobby Stores,Hobby Lobby,hobby-lobby,,,5fa5d5e498764438b207874447c95087,,,,,,,,,,,,,,,,,,,,,,,,,,,,,,,,,,,,,,,
JPMorgan Chase & Co,JPMorgan Chase,jpmorgan-chase,,,bc1d056e59334c07bb0761b97efa64e4,,Chase Bank,Chase Tower,,,,,,,,,,,,,,,,,,,,,,,,,,,,,,,,,,,,
Chase Manhattan,,,,,63d7a156d03b466eafda3633136bd730,JPMorgan Chase & Co,,,,,,,,,,,,,,,,,,,,,,,,,,,,,,,,,,,,,,
JP Morgan & Co,,,,,0a948677ae6b4c32b7799009add8f20d,JPMorgan Chase & Co,,,,,,,,,,,,,,,,,,,,,,,,,,,,,,,,,,,,,,
JP Morgan Securities,,,,,f229e0c860984e40b087b4f914e67d05,JPMorgan Chase & Co,,,,,,,,,,,,,,,,,,,,,,,,,,,,,,,,,,,,,,
Albertsons,Albertsons,albertsons,,,,Supervalu Inc,,,,,,,,,,,,,,,,,,,,,,,,,,,,,,,,,,,,,,
Quiznos,Quiznos,quiznos,,,5eff48679f23458889a9c3416eddd843,,,,,,,,,,,,,,,,,,,,,,,,,,,,,,,,,,,,,,,
CKE Restaurants,CKE Restaurants,cke-restaurants,,,a3334eec23664cb58a3dd8e721bd04d3,,,,,,,,,,,,,,,,,,,,,,,,,,,,,,,,,,,,,,,
Hardee's,Hardee's,hardees,,,,CKE Restaurants,Hardee's/Red Burrito,Hardee's / Red Burrito,,,,,,,,,,,,,,,,,,,,,,,,,,,,,,,,,,,,
Carl's Jr.,Carl's Jr.,carls-jr,,,,CKE Restaurants,Carl's Jr / Green Burrito,,,,,,,,,,,,,,,,,,,,,,,,,,,,,,,,,,,,,
Green Burrito,Green Burrito,green-burrito,,,,CKE Restaurants,,,,,,,,,,,,,,,,,,,,,,,,,,,,,,,,,,,,,,
Red Burrito,Red Burrito,red-burrito,,,,CKE Restaurants,,,,,,,,,,,,,,,,,,,,,,,,,,,,,,,,,,,,,,
RadioShack,RadioShack,radioshack,,,09b133ddec1544f5bd5b2f6057b99114,,Radio Shack,,,,,,,,,,,,,,,,,,,,,,,,,,,,,,,,,,,,,
Michaels,Michaels,michaels,,,3e72e36256854420a431729f3bfc54ac,,Michael's Arts & Crafts,,,,,,,,,,,,,,,,,,,,,,,,,,,,,,,,,,,,,
Delhaize Group,Delhaize,delhaize,,,2e1fdba8ba7f444681a87749e0cd80c4,,Delhaize,AD Delhaize,City Delhaize,Proxy Delhaize,Delhaize America,,,,,,,,,,,,,,,,,,,,,,,,,,,,,,,,,
Food Lion,Food Lion,food-lion,,,4c12695cb62946ca892b66b520eebf2b,Delhaize Group,Food Lion HQ,,,,,,,,,,,,,,,,,,,,,,,,,,,,,,,,,,,,,
Bottom Dollar Food,Bottom Dollar Food,bottom-dollar-food,,,,Food Lion,,,,,,,,,,,,,,,,,,,,,,,,,,,,,,,,,,,,,,
Harveys Supermarket,Harveys Supermarket,harveys-supermarket,,,,Food Lion,,,,,,,,,,,,,,,,,,,,,,,,,,,,,,,,,,,,,,
Hannaford,Hannaford,hannaford,,,,Delhaize Group,Hannaford Supermarket,,,,,,,,,,,,,,,,,,,,,,,,,,,,,,,,,,,,,
Sweetbay Supermarket,Sweetbay Supermarket,sweetbay-supermarket,,,,Delhaize Group,,,,,,,,,,,,,,,,,,,,,,,,,,,,,,,,,,,,,,
Blackstone Group,Blackstone Group,blackstone-group,,,71c49bc56b3a4d369e727fd22744876a,,,,,,,,,,,,,,,,,,,,,,,,,,,,,,,,,,,,,,,
Hilton Worldwide,Hilton Worldwide,hilton-worldwide,,,4bf6cbb26872455994d6a68cfbc98ec2,Blackstone Group,,,,,,,,,,,,,,,,,,,,,,,,,,,,,,,,,,,,,,
Hilton Hotels & Resorts,Hilton,hilton,,,d88adf1cf6e141fdb299dda9eb3cdbc8,Hilton Worldwide,Hilton San Francisco Financial District,Capital Hilton,Hilton Americas,Hilton DFW Lakes Executive Conference Center,,,,,,,,,,,,,,,,,,,,,,,,,,,,,,,,,,
Waldorf Astoria Hotels and Resorts,Waldorf Astoria,waldorf-astoria,,,,Hilton Worldwide,Waldorf-Astoria Hotel,Lobby Museum at The Waldorf=Astoria,,,,,,,,,,,,,,,,,,,,,,,,,,,,,,,,,,,,
Conrad Hotels,Conrad Hotels,conrad-hotels,,,,Hilton Worldwide,,,,,,,,,,,,,,,,,,,,,,,,,,,,,,,,,,,,,,
DoubleTree by Hilton,DoubleTree,doubletree,,,,Hilton Worldwide,DoubleTree by Hilton Hotel Spokane City Center,DoubleTree by Hilton Hotel Downtown Wilmington - Legal District,DoubleTree Suites by Hilton Hotel Minneapolis ,DoubleTree Suites by Hilton Hotel Washington DC,DoubleTree by Hilton Hotel Colorado Springs,DoubleTree Suites by Hilton Hotel Omaha,,,,,,,,,,,,,,,,,,,,,,,,,,,,,,,,
Embassy Suites,Embassy Suites,embassy-suites,,,,Hilton Worldwide,Embassy Suites Austin,,,,,,,,,,,,,,,,,,,,,,,,,,,,,,,,,,,,,
Hilton Garden Inn,Hilton Garden Inn,hilton-garden-inn,,,,Hilton Worldwide,Hilton Garden Inn Blacksburg,Hilton Garden Inn Uptown,Hilton Garden Inn Newport News,Hilton Garden Inn Times Square,,,,,,,,,,,,,,,,,,,,,,,,,,,,,,,,,,
Hampton Inn,Hampton Inn,hampton-inn,,,,Hilton Worldwide,Hampton Inn & Suites,Hampton Inn Convention Center,Hampton Inn & Suites Chicago North Shore Skokie,,,,,,,,,,,,,,,,,,,,,,,,,,,,,,,,,,,
Homewood Suites,Homewood Suites,homewood-suites,,,,Hilton Worldwide,,,,,,,,,,,,,,,,,,,,,,,,,,,,,,,,,,,,,,
Home2 Suites by Hilton,Home2 Suites,home2-suites,,,,Hilton Worldwide,Home2 Suites by Hilton,,,,,,,,,,,,,,,,,,,,,,,,,,,,,,,,,,,,,
Limited Brands,Limited Brands,limited-brands,,,14bbabc95d6c49a6aa23cb8032e11e96,,,,,,,,,,,,,,,,,,,,,,,,,,,,,,,,,,,,,,,
Victoria's Secret,Victoria's Secret,victorias-secret,,,,Limited Brands,Victoria's Secret PINK,,,,,,,,,,,,,,,,,,,,,,,,,,,,,,,,,,,,,
Bath & Body Works,Bath & Body Works,bath-body-works,,,,Limited Brands,,,,,,,,,,,,,,,,,,,,,,,,,,,,,,,,,,,,,,
La Senza,La Senza,la-senza,,,,Limited Brands,,,,,,,,,,,,,,,,,,,,,,,,,,,,,,,,,,,,,,
Henri Bendel,Henri Bendel,henri-bendel,,,,Limited Brands,,,,,,,,,,,,,,,,,,,,,,,,,,,,,,,,,,,,,,
White Barn Candle Company,White Barn Candle Company,white-barn-candle-company,,,,Limited Brands,White Barn Candle Co.,,,,,,,,,,,,,,,,,,,,,,,,,,,,,,,,,,,,,
Goodwill Industries International,Goodwill,goodwill,,,55d929bd74dd4901a1c9d7cb77e5a796,,,,,,,,,,,,,,,,,,,,,,,,,,,,,,,,,,,,,,,
Casey's General Stores,Casey's General Store,caseys-general-store,,,f70453caf50e4fcc9dd85036c6670ea4,,,,,,,,,,,,,,,,,,,,,,,,,,,,,,,,,,,,,,,
Urban Outfitters,Urban Outfitters,urban-outfitters,,,d15d3b7486ab4ada98e64e6dfcf6cbf9,,,,,,,,,,,,,,,,,,,,,,,,,,,,,,,,,,,,,,,
Anthropologie,Anthropologie,anthropologie,,,,Urban Outfitters,,,,,,,,,,,,,,,,,,,,,,,,,,,,,,,,,,,,,,
Free People,Free People,free-people,,,,Urban Outfitters,,,,,,,,,,,,,,,,,,,,,,,,,,,,,,,,,,,,,,
BHLDN,BHLDN,bhldn,,,,Urban Outfitters,,,,,,,,,,,,,,,,,,,,,,,,,,,,,,,,,,,,,,
Firehouse Subs,Firehouse Subs,firehouse-subs,,,6fbd33867bf543808fd927e666d678da,,,,,,,,,,,,,,,,,,,,,,,,,,,,,,,,,,,,,,,
Sun Capital Partners,Sun Capital Partners,sun-capital-partners,,,9aae22c94a3e4b2da4d6ec3747847027,,,,,,,,,,,,,,,,,,,,,,,,,,,,,,,,,,,,,,,
Shopko,Shopko,shopko,,,,Sun Capital Partners,,,,,,,,,,,,,,,,,,,,,,,,,,,,,,,,,,,,,,
The Limited,The Limited,the-limited,,,,Sun Capital Partners,,,,,,,,,,,,,,,,,,,,,,,,,,,,,,,,,,,,,,
Pamida,Pamida,pamida,,,,Sun Capital Partners,,,,,,,,,,,,,,,,,,,,,,,,,,,,,,,,,,,,,,
Smokey Bones Bar & Fire Grill,Smokey Bones,smokey-bones,,,,Sun Capital Partners,,,,,,,,,,,,,,,,,,,,,,,,,,,,,,,,,,,,,,
Hickory Farms,Hickory Farms,hickory-farms,,,,Sun Capital Partners,,,,,,,,,,,,,,,,,,,,,,,,,,,,,,,,,,,,,,
Boston Market,Boston Market,boston-market,,,,Sun Capital Partners,,,,,,,,,,,,,,,,,,,,,,,,,,,,,,,,,,,,,,
Marsh Supermarkets,Marsh Supermarkets,marsh-supermarkets,,,,Sun Capital Partners,Marsh Supermarket,,,,,,,,,,,,,,,,,,,,,,,,,,,,,,,,,,,,,
Bonmarché,Bonmarché,bonmarche,,,,Sun Capital Partners,Bonmarche,,,,,,,,,,,,,,,,,,,,,,,,,,,,,,,,,,,,,
Bar Louie,Bar Louie,bar-louie,,,,Sun Capital Partners,,,,,,,,,,,,,,,,,,,,,,,,,,,,,,,,,,,,,,
Captain D's,Captain D's,captain-ds,,,,Sun Capital Partners,,,,,,,,,,,,,,,,,,,,,,,,,,,,,,,,,,,,,,
Vroom & Dreesmann,V&D,v-d,,,,Sun Capital Partners,,,,,,,,,,,,,,,,,,,,,,,,,,,,,,,,,,,,,,
American Golf,American Golf,american-golf,,,,Sun Capital Partners,,,,,,,,,,,,,,,,,,,,,,,,,,,,,,,,,,,,,,
Edwin Watts Golf,Edwin Watts Golf,edwin-watts-golf,,,,Sun Capital Partners,,,,,,,,,,,,,,,,,,,,,,,,,,,,,,,,,,,,,,
Fazoli's,Fazoli's,fazolis,,,,Sun Capital Partners,,,,,,,,,,,,,,,,,,,,,,,,,,,,,,,,,,,,,,
Friendly's,Friendly's,friendlys,,,,Sun Capital Partners,,,,,,,,,,,,,,,,,,,,,,,,,,,,,,,,,,,,,,
Gordmans,Gordmans,gordmans,,,,Sun Capital Partners,,,,,,,,,,,,,,,,,,,,,,,,,,,,,,,,,,,,,,
Hanna Andersson,Hanna Andersson,hanna-andersson,,,,Sun Capital Partners,Hanna Andersson Outlet,,,,,,,,,,,,,,,,,,,,,,,,,,,,,,,,,,,,,
Harry's Fresh Foods,Harry's Fresh Foods,harrys-fresh-foods,,,,Sun Capital Partners,,,,,,,,,,,,,,,,,,,,,,,,,,,,,,,,,,,,,,
Jacques Vert,Jacques Vert,jacques-vert,,,,Sun Capital Partners,,,,,,,,,,,,,,,,,,,,,,,,,,,,,,,,,,,,,,
La Place,La Place,la-place,,,,Sun Capital Partners,,,,,,,,,,,,,,,,,,,,,,,,,,,,,,,,,,,,,,
Lee Cooper,Lee Cooper,lee-cooper,,,,Sun Capital Partners,,,,,,,,,,,,,,,,,,,,,,,,,,,,,,,,,,,,,,
Life Uniform,Life Uniform,life-uniform,,,,Sun Capital Partners,,,,,,,,,,,,,,,,,,,,,,,,,,,,,,,,,,,,,,
Lexington Home Brands,Lexington Home Brands,lexington-home-brands,,,,Sun Capital Partners,Lexington Home Brands Factory Outlet,,,,,,,,,,,,,,,,,,,,,,,,,,,,,,,,,,,,,
Scotch & Soda,Scotch & Soda,scotch-soda,,,,Sun Capital Partners,,,,,,,,,,,,,,,,,,,,,,,,,,,,,,,,,,,,,,
Restaurants Unlimited,Restaurants Unlimited,restaurants-unlimited,,,,Sun Capital Partners,,,,,,,,,,,,,,,,,,,,,,,,,,,,,,,,,,,,,,
Billy Heartbeats,Billy Heartbeats,billy-heartbeats,,,,Restaurants Unlimited,,,,,,,,,,,,,,,,,,,,,,,,,,,,,,,,,,,,,,
Clinkerdagger,Clinkerdagger,clinkerdagger,,,,Restaurants Unlimited,,,,,,,,,,,,,,,,,,,,,,,,,,,,,,,,,,,,,,
Cutters Crabhouse,Cutters Crabhouse,cutters-crabhouse,,,,Restaurants Unlimited,,,,,,,,,,,,,,,,,,,,,,,,,,,,,,,,,,,,,,
Fondi,Fondi,fondi,,,,Restaurants Unlimited,,,,,,,,,,,,,,,,,,,,,,,,,,,,,,,,,,,,,,
Henry's Tavern,Henry's Tavern,henrys-tavern,,,,Restaurants Unlimited,,,,,,,,,,,,,,,,,,,,,,,,,,,,,,,,,,,,,,
Horatio's,Horatio's,horatios,,,,Restaurants Unlimited,,,,,,,,,,,,,,,,,,,,,,,,,,,,,,,,,,,,,,
Kincaid's,Kincaid's,kincaids,,,,Restaurants Unlimited,,,,,,,,,,,,,,,,,,,,,,,,,,,,,,,,,,,,,,
Maggie Bluffs,Maggie Bluffs,maggie-bluffs,,,,Restaurants Unlimited,,,,,,,,,,,,,,,,,,,,,,,,,,,,,,,,,,,,,,
Manzana,Manzana,manzana,,,,Restaurants Unlimited,,,,,,,,,,,,,,,,,,,,,,,,,,,,,,,,,,,,,,
Newport Seafood Grill,Newport Seafood Grill,newport-seafood-grill,,,,Restaurants Unlimited,,,,,,,,,,,,,,,,,,,,,,,,,,,,,,,,,,,,,,
Newport Bay Restaurant,Newport Bay Restaurant,newport-bay-restaurant,,,,Restaurants Unlimited,,,,,,,,,,,,,,,,,,,,,,,,,,,,,,,,,,,,,,
Palisade,Palisade,palisade,,,,Restaurants Unlimited,,,,,,,,,,,,,,,,,,,,,,,,,,,,,,,,,,,,,,
Palomino,Palomino,palomino,,,,Restaurants Unlimited,,,,,,,,,,,,,,,,,,,,,,,,,,,,,,,,,,,,,,
Portland City Grill,Portland City Grill,portland-city-grill,,,,Restaurants Unlimited,,,,,,,,,,,,,,,,,,,,,,,,,,,,,,,,,,,,,,
Portland Seafood Company,Portland Seafood Company,portland-seafood-company,,,,Restaurants Unlimited,,,,,,,,,,,,,,,,,,,,,,,,,,,,,,,,,,,,,,
Ryan's,Ryan's,ryans,,,,Restaurants Unlimited,,,,,,,,,,,,,,,,,,,,,,,,,,,,,,,,,,,,,,
Scott's Bar & Grill,Scott's Bar & Grill,scotts-bar-grill,,,,Restaurants Unlimited,,,,,,,,,,,,,,,,,,,,,,,,,,,,,,,,,,,,,,
Skates On The Bay,Skates On The Bay,skates-on-the-bay,,,,Restaurants Unlimited,,,,,,,,,,,,,,,,,,,,,,,,,,,,,,,,,,,,,,
Stanford's,Stanford's,stanfords,,,,Restaurants Unlimited,,,,,,,,,,,,,,,,,,,,,,,,,,,,,,,,,,,,,,
Simon & Seafort's,Simon & Seafort's,simon-seaforts,,,,Restaurants Unlimited,,,,,,,,,,,,,,,,,,,,,,,,,,,,,,,,,,,,,,
Stanley & Seafort's,Stanley & Seafort's,stanley-seaforts,,,,Restaurants Unlimited,,,,,,,,,,,,,,,,,,,,,,,,,,,,,,,,,,,,,,
Kellwood Company,Kellwood Company,kellwood-company,,,,Sun Capital Partners,,,,,,,,,,,,,,,,,,,,,,,,,,,,,,,,,,,,,,
Rebecca Taylor,Rebecca Taylor,rebecca-taylor,,,,Kellwood Company,,,,,,,,,,,,,,,,,,,,,,,,,,,,,,,,,,,,,,
Garden Fresh,Garden Fresh,garden-fresh,,,,Sun Capital Partners,,,,,,,,,,,,,,,,,,,,,,,,,,,,,,,,,,,,,,
Souplantation,Souplantation,souplantation,,,,Garden Fresh,,,,,,,,,,,,,,,,,,,,,,,,,,,,,,,,,,,,,,
Sweet Tomatoes,Sweet Tomatoes,sweet-tomatoes,,,,Garden Fresh,,,,,,,,,,,,,,,,,,,,,,,,,,,,,,,,,,,,,,
VPS Convenience Stores,VPS Convenience Stores,vps-convenience-stores,,,,Sun Capital Partners,,,,,,,,,,,,,,,,,,,,,,,,,,,,,,,,,,,,,,
Scotchman,Scotchman,scotchman,,,,VPS Convenience Stores,,,,,,,,,,,,,,,,,,,,,,,,,,,,,,,,,,,,,,
Village Pantry,Village Pantry,village-pantry,,,,VPS Convenience Stores,,,,,,,,,,,,,,,,,,,,,,,,,,,,,,,,,,,,,,
Young's,Young's,youngs,,,,VPS Convenience Stores,,,,,,,,,,,,,,,,,,,,,,,,,,,,,,,,,,,,,,
Li'l Cricket,Li'l Cricket,lil-cricket,,,,VPS Convenience Stores,,,,,,,,,,,,,,,,,,,,,,,,,,,,,,,,,,,,,,
EverydayShops,EverydayShops,everydayshops,,,,VPS Convenience Stores,Every Day Shop & Café,,,,,,,,,,,,,,,,,,,,,,,,,,,,,,,,,,,,,
Next Door Stores,Next Door Stores,next-door-stores,,,,VPS Convenience Stores,Next Door Store,,,,,,,,,,,,,,,,,,,,,,,,,,,,,,,,,,,,,
Verizon Communications,Verizon Communications,verizon-communications,,,c4d217fc857c4430aa4b776dd063b3ab,,Verizon Center,,,,,,,,,,,,,,,,,,,,,,,,,,,,,,,,,,,,,
Verizon Wireless,Verizon Wireless,verizon-wireless,,,bef5fc4a419b42588764154e43fd696b,Verizon Communications,,,,,,,,,,,,,,,,,,,,,,,,,,,,,,,,,,,,,,
FedEx,FedEx,fedex,,,7841a0bda43e474abcf3250127a66feb,,FedEx Office,FedEx Office Print & Ship Center,FedEx Field,FedEx Forum,,,,,,,,,,,,,,,,,,,,,,,,,,,,,,,,,,
White Castle,White Castle,white-castle,,,0e70b9c9d89a43cc99dfef844cc4cfed,,,,,,,,,,,,,,,,,,,,,,,,,,,,,,,,,,,,,,,
Dollar General Corp,Dollar General,dollar-general,,,07f1e5d0314e4c459d85a0d8fe8ec966,,,,,,,,,,,,,,,,,,,,,,,,,,,,,,,,,,,,,,,
Dollar General,,,,,5edab7fce0ef414d8600f0c53d789024,Dollar General Corp,,,,,,,,,,,,,,,,,,,,,,,,,,,,,,,,,,,,,,
Express,Express,express,,,,Golden Gate Capital,EXPRESS Home Office,,,,,,,,,,,,,,,,,,,,,,,,,,,,,,,,,,,,,
Eddie Bauer,Eddie Bauer,eddie-bauer,,,8af1f72fcd6a41cb9e88160070393f96,Golden Gate Capital,,,,,,,,,,,,,,,,,,,,,,,,,,,,,,,,,,,,,,
J. Jill,J. Jill,j-jill,,,,Golden Gate Capital,J Jill,,,,,,,,,,,,,,,,,,,,,,,,,,,,,,,,,,,,,
Romano's Macaroni Grill,Romano's Macaroni Grill,romanos-macaroni-grill,,,,Golden Gate Capital,,,,,,,,,,,,,,,,,,,,,,,,,,,,,,,,,,,,,,
On The Border Mexican Grill & Cantina,On The Border,on-the-border,,,,Golden Gate Capital,,,,,,,,,,,,,,,,,,,,,,,,,,,,,,,,,,,,,,
The Pantry,The Pantry,the-pantry,,,a24ac3810faa4a0da694dbd0f1b1a3d5,,,,,,,,,,,,,,,,,,,,,,,,,,,,,,,,,,,,,,,
Kangaroo Express,Kangaroo Express,kangaroo-express,,,,The Pantry,,,,,,,,,,,,,,,,,,,,,,,,,,,,,,,,,,,,,,
Kwik Trip,Kwik Trip,kwik-trip,,,f6917d6f066b49de9126c1835246a85c,,Kwik Star,,,,,,,,,,,,,,,,,,,,,,,,,,,,,,,,,,,,,
Office Depot,Office Depot,office-depot,,,5ffefde98b7d47958635b5c7f05eb7b4,,,,,,,,,,,,,,,,,,,,,,,,,,,,,,,,,,,,,,,
AutoZone,AutoZone,autozone,,,249f9798ff424583a85456c4c479a118,,,,,,,,,,,,,,,,,,,,,,,,,,,,,,,,,,,,,,,
Kelso & Company,Kelso & Company,kelso-company,,,a2140d342b494f0da8a78e558068bdce,,,,,,,,,,,,,,,,,,,,,,,,,,,,,,,,,,,,,,,
Logan's Roadhouse,Logan's Roadhouse,logans-roadhouse,,,,Kelso & Company,,,,,,,,,,,,,,,,,,,,,,,,,,,,,,,,,,,,,,
Domino's Pizza,Domino's Pizza,dominos-pizza,,,a315582c6c6348588d2c8b18eb617626,,,,,,,,,,,,,,,,,,,,,,,,,,,,,,,,,,,,,,,
Wegmans Food Markets,Wegmans,wegmans,,,3e8ef008c8574351839f65314b103a4f,,,,,,,,,,,,,,,,,,,,,,,,,,,,,,,,,,,,,,,
Golden Corral,Golden Corral,golden-corral,,,6693063de5c3475bb6b8cd7b1db42e51,,,,,,,,,,,,,,,,,,,,,,,,,,,,,,,,,,,,,,,
Hess Corp,Hess,hess,,,71d2a682f7264952ba94afeab18d2ff2,,Hess Express,,,,,,,,,,,,,,,,,,,,,,,,,,,,,,,,,,,,,
Winn-Dixie,Winn-Dixie,winn-dixie,,,9c96e2ab98e64879b84be5f1748870f1,,,,,,,,,,,,,,,,,,,,,,,,,,,,,,,,,,,,,,,
Sunoco,Sunoco,sunoco,,,20ddfcdcbf8445acbd35f5f9c0c09c13,,APlus at Sunoco,,,,,,,,,,,,,,,,,,,,,,,,,,,,,,,,,,,,,
Toys R Us,Toys R Us,toys-r-us,,,05769a3201fc4e6bb7886668b927d3c6,,,,,,,,,,,,,,,,,,,,,,,,,,,,,,,,,,,,,,,
LVMH Moet Hennessy Louis Vuitton,LVMH,lvmh,,,8a1cc435e18a41bca58839765344d19d,,,,,,,,,,,,,,,,,,,,,,,,,,,,,,,,,,,,,,,
Louis Vuitton,Louis Vuitton,louis-vuitton,,,,LVMH Moet Hennessy Louis Vuitton,,,,,,,,,,,,,,,,,,,,,,,,,,,,,,,,,,,,,,
Sephora,Sephora,sephora,,,,LVMH Moet Hennessy Louis Vuitton,,,,,,,,,,,,,,,,,,,,,,,,,,,,,,,,,,,,,,
San Francisco Airport Commission,San Francisco Airport Commission,san-francisco-airport-commission,,,05e5a3ce21194a13bf2ed046836d7345,,,,,,,,,,,,,,,,,,,,,,,,,,,,,,,,,,,,,,,
San Francisco International Airport,San Francisco International Airport,san-francisco-international-airport,,,c7025395a5794c129c4d00e01c8b989b,San Francisco Airport Commission,San Francisco International Airport (SFO),,,,,,,,,,,,,,,,,,,,,,,,,,,,,,,,,,,,,
Port Authority of New York & New Jersey,Port Authority of New York & New Jersey,port-authority-of-new-york-new-jersey,,,7ccc49a52638424391f550cf6d2557c8,,John F. Kennedy International Airport (JFK),Port Authority of New York & New Jersey - JFK - Building 14,,,,,,,,,,,,,,,,,,,,,,,,,,,,,,,,,,,,
South Dakota State University,South Dakota State University,south-dakota-state-university,,,60165f0827a74cf1b763559448ce418f,,South Dakota State University (SDSU),,,,,,,,,,,,,,,,,,,,,,,,,,,,,,,,,,,,,
Eastern Virginia Medical School,Eastern Virginia Medical School,eastern-virginia-medical-school,,,9ff4840499094573bd52d5bb61b8b678,,Brickell Medical Sciences Library,,,,,,,,,,,,,,,,,,,,,,,,,,,,,,,,,,,,,
National Amusements,National Amusements,national-amusements,,,26ee0d55b8814ecd9689108c37865395,,,,,,,,,,,,,,,,,,,,,,,,,,,,,,,,,,,,,,,
CBS Corporation,CBS Corporation,cbs-corporation,,,1e31e60c001e4b7d962059b470447d7d,National Amusements,CBS Building,,,,,,,,,,,,,,,,,,,,,,,,,,,,,,,,,,,,,
CBS Radio,CBS Radio,cbs-radio,,,,CBS Corporation,CBS Radio Baltimore,,,,,,,,,,,,,,,,,,,,,,,,,,,,,,,,,,,,,
Nielsen,Nielsen,nielsen,,,25bc5d1c7dbf40e28c8a28c2cb214c93,,,,,,,,,,,,,,,,,,,,,,,,,,,,,,,,,,,,,,,
Reed Elsevier,Reed Elsevier,reed-elsevier,,,2ba2255d154f4e3d9d04e8952ef32d62,,,,,,,,,,,,,,,,,,,,,,,,,,,,,,,,,,,,,,,
LexisNexis,LexisNexis,lexisnexis,,,4a8f6703eb7a44e6ad277c55c8a6e797,Reed Elsevier,LexisNexis Bldg 5,LexisNexis Bldg 10,,,,,,,,,,,,,,,,,,,,,,,,,,,,,,,,,,,,
J.Crew,J.Crew,j-crew,,,0effe435a72641079d0b42278562e90f,,J.Crew HQ,J. Crew,,,,,,,,,,,,,,,,,,,,,,,,,,,,,,,,,,,,
Keller Williams Realty,Keller Williams,keller-williams,,,07d0c6a4f8b84501b0d5fa563cc02e5d,,,,,,,,,,,,,,,,,,,,,,,,,,,,,,,,,,,,,,,
Ernst & Young,Ernst & Young,ernst-young,,,653ea5cad97c456c8d48d468910e47db,,,,,,,,,,,,,,,,,,,,,,,,,,,,,,,,,,,,,,,
The Walt Disney Company,Disney,disney,waltdisneyworld,,204b089d9d614fa6b77db666d76d9f3c,,Epcot,Walt Disney World Entrance Arch,Disney Store,Disney Store Headquarters,Downtown Disney Parking Lot,Downtown Disney District,Walt Disney World Main Entrance,Walt Disney World Resort,Downtown Disney Marketplace,,Team Disney Anaheim (TDA),Disney University,Disney California Adventure Park,Disney's Hollywood Studios,Walt Disney Concert Hall,World Of Disney,Epcot Cast Services,Magic Kingdom Monorail Station ,The Haunted Mansion,Pirates of the Caribbean,Canada Pavilion,Disney's Animal Kingdom,Adventureland,Walt Disney Travel Company,Cast Service Center,Old Administration Building,Entertainment Production Center (N-19),Tomorrowland Attractions Office,Matterhorn Bobsleds,Big Thunder Mountain Railroad,The Many Adventures of Winnie the Pooh,Tarzan's Treehouse,Jungle Cruise,California Screamin',Flik's Flyers,Francis' Ladybug Boogie,Goofy's Sky School,The Little Mermaid: Ariel's Undersea Adventure
IBM,IBM,ibm,,,29d47a775c5f4f4ea6ca51a3a87aea47,,IBM Interactive,,,,,,,,,,,,,,,,,,,,,,,,,,,,,,,,,,,,,
NRG Energy,NRG Energy,nrg-energy,,,5a1ae89f68ad4d29808d74ea33b76596,,,,,,,,,,,,,,,,,,,,,,,,,,,,,,,,,,,,,,,
Reliant Energy,Reliant Energy,reliant-energy,,,3601e034f2a44d9d8f64e3e78b23ebee,NRG Energy,Reliant Stadium,Reliant Park,Reliant Astrodome,Reliant Arena,Reliant Center,,,,,,,,,,,,,,,,,,,,,,,,,,,,,,,,,
ConocoPhillips,ConocoPhillips,conocophillips,,,ec99d2a459384f0f8c2af3400f720d4e,,Conoco,Phillips 66,,,,,,,,,,,,,,,,,,,,,,,,,,,,,,,,,,,,
Union 76,Union 76,union-76,,,,ConocoPhillips,76,,,,,,,,,,,,,,,,,,,,,,,,,,,,,,,,,,,,,
Circle K,Circle K,circle-k,,,c03033fd9e9440ffb15fc6d1c9ea660c,,,,,,,,,,,,,,,,,,,,,,,,,,,,,,,,,,,,,,,
"Petroleos de Venezuela, S.A.",PDVSA,pdvsa,,,bba454e9af02439990151b4ade129d1c,,,,,,,,,,,,,,,,,,,,,,,,,,,,,,,,,,,,,,,
Citgo,Citgo,citgo,,,ff5353a1c8874a14ac7b4f4b2e6721ac,"Petroleos de Venezuela, S.A.",,,,,,,,,,,,,,,,,,,,,,,,,,,,,,,,,,,,,,
Jiffy Lube,Jiffy Lube,jiffy-lube,,,,Shell Oil Company,,,,,,,,,,,,,,,,,,,,,,,,,,,,,,,,,,,,,,
Pier 1 Imports,Pier 1 Imports,pier-1-imports,,,a440ea3385fb403898565ce5fcade07f,,,,,,,,,,,,,,,,,,,,,,,,,,,,,,,,,,,,,,,
Meijer,Meijer,meijer,,,43e7ed8e5e254785ac36f22492b3e4b0,,Meijer Marketplace,,,,,,,,,,,,,,,,,,,,,,,,,,,,,,,,,,,,,
Williams-Sonoma,Williams-Sonoma,williams-sonoma,,,d0fea5ce19e14378819141a7b08959bb,,Williams-Sonoma Home,,,,,,,,,,,,,,,,,,,,,,,,,,,,,,,,,,,,,
Pottery Barn,Pottery Barn,pottery-barn,,,,Williams-Sonoma,Pottery Barn Kids,Pottery Barn Bed & Bath,,,,,,,,,,,,,,,,,,,,,,,,,,,,,,,,,,,,
West Elm,West Elm,west-elm,,,,Williams-Sonoma,,,,,,,,,,,,,,,,,,,,,,,,,,,,,,,,,,,,,,
Rejuvenation,Rejuvenation,rejuvenation,,,,Williams-Sonoma,,,,,,,,,,,,,,,,,,,,,,,,,,,,,,,,,,,,,,
PBteen,PBteen,pbteen,,,,Williams-Sonoma,,,,,,,,,,,,,,,,,,,,,,,,,,,,,,,,,,,,,,
Nordstrom,Nordstrom,nordstrom,,,6bfbe3edcc8948168351c5998709654d,,Nordstrom Rack,,,,,,,,,,,,,,,,,,,,,,,,,,,,,,,,,,,,,
Hy-Vee,Hy-Vee,hy-vee,,,18431651bc684c7db5c00fdda6ae82ea,,,,,,,,,,,,,,,,,,,,,,,,,,,,,,,,,,,,,,,
TD Bank,TD Bank,td-bank,,,0b275c435fad4cdca30238932f052bb5,,TD Garden,,,,,,,,,,,,,,,,,,,,,,,,,,,,,,,,,,,,,
Recreational Equipment Inc,REI,rei,,,1d738cbd043d400993db3179b864e534,,,,,,,,,,,,,,,,,,,,,,,,,,,,,,,,,,,,,,,
Wellspring Capital Management,Wellspring Capital Management,wellspring-capital-management,,,d64ffb036a704770a183eaa9d479008e,,,,,,,,,,,,,,,,,,,,,,,,,,,,,,,,,,,,,,,
Checkers,Checkers,checkers,,,,Wellspring Capital Management,,,,,,,,,,,,,,,,,,,,,,,,,,,,,,,,,,,,,,
Susser Holdings Corporation,Susser Holdings Corporation,susser-holdings-corporation,,,,Wellspring Capital Management,,,,,,,,,,,,,,,,,,,,,,,,,,,,,,,,,,,,,,
Stripes,Stripes,stripes,,,,Susser Holdings Corporation,Stripes / Laredo Taco Co,,,,,,,,,,,,,,,,,,,,,,,,,,,,,,,,,,,,,
Laredo Taco Company,Laredo Taco Company,laredo-taco-company,,,,Susser Holdings Corporation,Laredo Taco Co.,,,,,,,,,,,,,,,,,,,,,,,,,,,,,,,,,,,,,
Bain Capital,Bain Capital,bain-capital,,,b4c7ee21345c459d9a2b14dec2f52122,,,,,,,,,,,,,,,,,,,,,,,,,,,,,,,,,,,,,,,
Burlington Coat Factory,Burlington Coat Factory,burlington-coat-factory,,,,Bain Capital,,,,,,,,,,,,,,,,,,,,,,,,,,,,,,,,,,,,,,
Nike,Nike,nike,,,acd71c121a624d538c0026475995ffa4,,Nike Factory Store,Niketown,,,,,,,,,,,,,,,,,,,,,,,,,,,,,,,,,,,,
United Refining Company,United Refining Company,united-refining-company,,,21224756f1804dcc853dc7bb65beb522,,,,,,,,,,,,,,,,,,,,,,,,,,,,,,,,,,,,,,,
Kwik Fill,Kwik Fill,kwik-fill,,,,United Refining Company,,,,,,,,,,,,,,,,,,,,,,,,,,,,,,,,,,,,,,
Country Fair,Country Fair,country-fair,,,,United Refining Company,,,,,,,,,,,,,,,,,,,,,,,,,,,,,,,,,,,,,,
Fendi,Fendi,fendi,,,,LVMH Moet Hennessy Louis Vuitton,,,,,,,,,,,,,,,,,,,,,,,,,,,,,,,,,,,,,,
Donna Karan,Donna Karan,donna-karan,,,,LVMH Moet Hennessy Louis Vuitton,,,,,,,,,,,,,,,,,,,,,,,,,,,,,,,,,,,,,,
Emilio Pucci,Emilio Pucci,emilio-pucci,,,,LVMH Moet Hennessy Louis Vuitton,,,,,,,,,,,,,,,,,,,,,,,,,,,,,,,,,,,,,,
Givenchy,Givenchy,givenchy,,,,LVMH Moet Hennessy Louis Vuitton,,,,,,,,,,,,,,,,,,,,,,,,,,,,,,,,,,,,,,
Kenzo,Kenzo,kenzo,,,,LVMH Moet Hennessy Louis Vuitton,,,,,,,,,,,,,,,,,,,,,,,,,,,,,,,,,,,,,,
Berluti,Berluti,berluti,,,,LVMH Moet Hennessy Louis Vuitton,,,,,,,,,,,,,,,,,,,,,,,,,,,,,,,,,,,,,,
Moynat,Moynat,moynat,,,,LVMH Moet Hennessy Louis Vuitton,,,,,,,,,,,,,,,,,,,,,,,,,,,,,,,,,,,,,,
Marc Jacobs,Marc Jacobs,marc-jacobs,,,,LVMH Moet Hennessy Louis Vuitton,,,,,,,,,,,,,,,,,,,,,,,,,,,,,,,,,,,,,,
Loewe,Loewe,loewe,,,,LVMH Moet Hennessy Louis Vuitton,,,,,,,,,,,,,,,,,,,,,,,,,,,,,,,,,,,,,,
Celine,Celine,celine,,,,LVMH Moet Hennessy Louis Vuitton,Céline,,,,,,,,,,,,,,,,,,,,,,,,,,,,,,,,,,,,,
Thomas Pink,Thomas Pink,thomas-pink,,,,LVMH Moet Hennessy Louis Vuitton,,,,,,,,,,,,,,,,,,,,,,,,,,,,,,,,,,,,,,
Bulgari,Bulgari,bulgari,,,,LVMH Moet Hennessy Louis Vuitton,,,,,,,,,,,,,,,,,,,,,,,,,,,,,,,,,,,,,,
TAG Heuer,TAG Heuer,tag-heuer,,,,LVMH Moet Hennessy Louis Vuitton,,,,,,,,,,,,,,,,,,,,,,,,,,,,,,,,,,,,,,
Le Bon Marche,Le Bon Marche,le-bon-marche,,,,LVMH Moet Hennessy Louis Vuitton,Le Bon Marché,,,,,,,,,,,,,,,,,,,,,,,,,,,,,,,,,,,,,
Advance Auto Parts,Advance Auto Parts,advance-auto-parts,,,194411d47cb843c08088deff26378563,,,,,,,,,,,,,,,,,,,,,,,,,,,,,,,,,,,,,,,
YMCA,YMCA,ymca,,,3dd40ff8c21444f7bfad5f41117b4e83,,,,,,,,,,,,,,,,,,,,,,,,,,,,,,,,,,,,,,,
The Container Store,The Container Store,the-container-store,,,1000042236104efe9c80cd265a6a3d94,Leonard Green & Partners,,,,,,,,,,,,,,,,,,,,,,,,,,,,,,,,,,,,,,
Del Taco,Del Taco,del-taco,,,,Leonard Green & Partners,,,,,,,,,,,,,,,,,,,,,,,,,,,,,,,,,,,,,,
BJ's Wholesale Club,BJ's Wholesale Club,bjs-wholesale-club,,,,Leonard Green & Partners,BJ's Wholesale,,,,,,,,,,,,,,,,,,,,,,,,,,,,,,,,,,,,,
The Related Companies,The Related Companies,the-related-companies,,,86a7292dae7447afb59cf98cfa1cddb0,,,,,,,,,,,,,,,,,,,,,,,,,,,,,,,,,,,,,,,
Equinox,Equinox,equinox,,,,The Related Companies,,,,,,,,,,,,,,,,,,,,,,,,,,,,,,,,,,,,,,
Neiman Marcus,Neiman Marcus,neiman-marcus,,,7eb1889d96c94c8abfeffb12f5432283,,,,,,,,,,,,,,,,,,,,,,,,,,,,,,,,,,,,,,,
Bergdorf Goodman,Bergdorf Goodman,bergdorf-goodman,,,,Neiman Marcus,,,,,,,,,,,,,,,,,,,,,,,,,,,,,,,,,,,,,,
Tourneau,Tourneau,tourneau,,,,Leonard Green & Partners,,,,,,,,,,,,,,,,,,,,,,,,,,,,,,,,,,,,,,
Commerce Bancshares,Commerce Bancshares,commerce-bancshares,,,81c704a5629d47028104d7ed9a321ea2,,,,,,,,,,,,,,,,,,,,,,,,,,,,,,,,,,,,,,,
Commerce Bank,Commerce Bank,commerce-bank,,,1a0b777097d9415d84202253b5da3ef4,Commerce Bancshares,,,,,,,,,,,,,,,,,,,,,,,,,,,,,,,,,,,,,,
OfficeMax,OfficeMax,officemax,,,36242937aac74a44a75ef3559ce67746,,Office Max,,,,,,,,,,,,,,,,,,,,,,,,,,,,,,,,,,,,,
Giant Eagle,Giant Eagle,giant-eagle,,,0b4f476c5a0947c490341a4f3e80f0fc,,,,,,,,,,,,,,,,,,,,,,,,,,,,,,,,,,,,,,,
GetGo,GetGo,getgo,,,,Giant Eagle,,,,,,,,,,,,,,,,,,,,,,,,,,,,,,,,,,,,,,
Valu King,Valu King,valu-king,,,,Giant Eagle,,,,,,,,,,,,,,,,,,,,,,,,,,,,,,,,,,,,,,
Dillard's,Dillard's,dillards,,,c9075e05d855480b8d1671503a2b701c,,,,,,,,,,,,,,,,,,,,,,,,,,,,,,,,,,,,,,,
General Nutrition Centers,GNC,gnc,,,4d32d499d0944418947026cca07cc481,,,,,,,,,,,,,,,,,,,,,,,,,,,,,,,,,,,,,,,
Sprint Nextel,Sprint,sprint,,,3801ee6e205941388ca432d742426f92,,Sprint Store,,,,,,,,,,,,,,,,,,,,,,,,,,,,,,,,,,,,,
Forever 21,Forever 21,forever-21,,,a010a21bc240446fb264cc4dad74927f,,,,,,,,,,,,,,,,,,,,,,,,,,,,,,,,,,,,,,,
Deutsche Telekom,Deutsche Telekom,deutsche-telekom,,,7b8dc566f685465ebea5980486c3af13,,,,,,,,,,,,,,,,,,,,,,,,,,,,,,,,,,,,,,,
T-Mobile,T-Mobile,t-mobile,,,1b067e4d9a054c2b8e95b0c3a6884ce4,Deutsche Telekom,,,,,,,,,,,,,,,,,,,,,,,,,,,,,,,,,,,,,,
Schnucks,Schnucks,schnucks,,,8039fa45f6d046528244dccf6cbba6d0,,,,,,,,,,,,,,,,,,,,,,,,,,,,,,,,,,,,,,,
Logli Supermarkets,Logli,logli,,,,Schnucks,Logli Supermarket,,,,,,,,,,,,,,,,,,,,,,,,,,,,,,,,,,,,,
Hilander Foods,Hilander,hilander,,,,Schnucks,Hilander Food Stores,,,,,,,,,,,,,,,,,,,,,,,,,,,,,,,,,,,,,
C&S Wholesale Grocers,C&S Wholesale Grocers,cs-wholesale-grocers,,,1917c57991bc40f4a4fc1ec636470636,,C&S Wholesale,,,,,,,,,,,,,,,,,,,,,,,,,,,,,,,,,,,,,
Piggly Wiggly,Piggly Wiggly,piggly-wiggly,,,,C&S Wholesale Grocers,,,,,,,,,,,,,,,,,,,,,,,,,,,,,,,,,,,,,,
Regis Corporation,Regis Salons,regis-salons,,,c0f20ca9abc24e6c8adfbc35ede94a11,,Regis Hair Salons,Carlton Hair International,,Images Salon,Michael of the Carlyle,City Looks,Famous Hair,Best Cuts,HCUK,Supercuts,Pro-Cuts,Hair Crafters,Magicuts,MasterCuts,Borics Hair,Hair by Stewarts,SmartStyle,Cost Cutters,TGF Hair Salon,Hair Masters,Style America,Holiday Hair,Mia & Maxx Hair Studio,First Choice Haircutters,,,,,,,,,,,,,,
MetLife,MetLife,metlife,,,0b58a8a8102348bc85a1d13882411a47,,MetLife Stadium,,,,,,,,,,,,,,,,,,,,,,,,,,,,,,,,,,,,,
Sun Life,Sun Life,sun-life,,,530b9d61327b44c0a586a50c331453e6,,Sun Life Stadium,,,,,,,,,,,,,,,,,,,,,,,,,,,,,,,,,,,,,
Mercedes-Benz,Mercedes-Benz,mercedes-benz,,,c56384533c254b738c62b0df85a36518,,Mercedes-Benz Superdome,,,,,,,,,,,,,,,,,,,,,,,,,,,,,,,,,,,,,
M&T Bank,M&T Bank,m-t-bank,,,df9e963f081f4009a1792bedfcf69dbe,,M&T Bank Stadium,,,,,,,,,,,,,,,,,,,,,,,,,,,,,,,,,,,,,
Qualcomm,Qualcomm,qualcomm,,,b446adb69c5f4f8cbe1553645d2fdd33,,Qualcomm Stadium,,,,,,,,,,,,,,,,,,,,,,,,,,,,,,,,,,,,,
Lincoln Financial Group,Lincoln Financial,lincoln-financial,,,69c482ab4aaa4712b2da08f99025af5d,,Lincoln Financial Field,,,,,,,,,,,,,,,,,,,,,,,,,,,,,,,,,,,,,
Lincoln Financial Advisors,,,,,70907d4e2cc34d939f426384f96a3ea7,Lincoln Financial Group,,,,,,,,,,,,,,,,,,,,,,,,,,,,,,,,,,,,,,
Louisiana-Pacific,Louisiana-Pacific,louisiana-pacific,,,eedfc62bcd4b4ec8afe540603d545d5d,,LP Field,,,,,,,,,,,,,,,,,,,,,,,,,,,,,,,,,,,,,
Procter & Gamble,Procter & Gamble,procter-gamble,,,9070ecd132f44963a369479e91950283,,,,,,,,,,,,,,,,,,,,,,,,,,,,,,,,,,,,,,,
Gillette,Gillette,gillette,,,832e81254729468086240d115a1ac726,Procter & Gamble,Gillette Stadium,,,,,,,,,,,,,,,,,,,,,,,,,,,,,,,,,,,,,
CenturyLink,CenturyLink,centurylink,,,ba00790ddf084aa098a8bcf4e5b5754d,,CenturyLink Field,,,,,,,,,,,,,,,,,,,,,,,,,,,,,,,,,,,,,
Jones Financial Companies,Jones Financial Companies,jones-financial-companies,,,5c0b7af59a8b429589c6822c17ceca20,,,,,,,,,,,,,,,,,,,,,,,,,,,,,,,,,,,,,,,
Edward Jones,Edward Jones,edward-jones,,,e48f2cc986b44437a73920ce3d4b7b6f,Jones Financial Companies,Edward Jones Dome,,,,,,,,,,,,,,,,,,,,,,,,,,,,,,,,,,,,,
Raymond James Financial,Raymond James Financial,raymond-james-financial,,,fc57f0cc9b2b4034950362acca1388cd,,Raymond James Stadium,,,,,,,,,,,,,,,,,,,,,,,,,,,,,,,,,,,,,
H. J. Heinz Company,Heinz,heinz,,,791b54f6170448979750dd7081220bdf,,Heinz Field,,,,,,,,,,,,,,,,,,,,,,,,,,,,,,,,,,,,,
Apollo Group,Apollo Group,apollo-group,,,992b6ac8468f47df9bd7392525f6a0f6,,,,,,,,,,,,,,,,,,,,,,,,,,,,,,,,,,,,,,,
University of Phoenix,University of Phoenix,university-of-phoenix,,,b77ef4c0d2c249f994d7019c48c9c60c,Apollo Group,University of Phoenix Stadium,,,,,,,,,,,,,,,,,,,,,,,,,,,,,,,,,,,,,
Overstock.com,Overstock.com,overstock-com,,,f9aab61ffea243d89764e5c5843f14ca,,O.co Coliseum,,,,,,,,,,,,,,,,,,,,,,,,,,,,,,,,,,,,,
Lucas Oil,Lucas Oil,lucas-oil,,,69a5a0ef3a344cef95f7416ed4234373,,Lucas Oil Stadium,,,,,,,,,,,,,,,,,,,,,,,,,,,,,,,,,,,,,
Ford Motor Co,Ford,ford,,,895c7a13d93c4d61a935032ba1961086,,Ford Field,,,,,,,,,,,,,,,,,,,,,,,,,,,,,,,,,,,,,
Choice Hotels International,Choice Hotels,choice-hotels,,,e17b1f1bdbd446909d1268f0f8a79a76,,,,,,,,,,,,,,,,,,,,,,,,,,,,,,,,,,,,,,,
Comfort Inn,Comfort Inn,comfort-inn,,,,Choice Hotels International,Comfort Inn Hotel,Comfort Inn Arlington Blvd/DC Gateway,,,,,,,,,,,,,,,,,,,,,,,,,,,,,,,,,,,,
Comfort Suites,Comfort Suites,comfort-suites,,,c41543d9a23a4731a5d9e27b57dab694,Choice Hotels International,,,,,,,,,,,,,,,,,,,,,,,,,,,,,,,,,,,,,,
Quality Inn,Quality Inn,quality-inn,,,,Choice Hotels International,,,,,,,,,,,,,,,,,,,,,,,,,,,,,,,,,,,,,,
Sleep Inn,Sleep Inn,sleep-inn,,,,Choice Hotels International,,,,,,,,,,,,,,,,,,,,,,,,,,,,,,,,,,,,,,
Clarion,Clarion,clarion,,,,Choice Hotels International,Clarion Bel-Air Conference Center & Hotel,Clarion Inn,,,,,,,,,,,,,,,,,,,,,,,,,,,,,,,,,,,,
Cambria Suites,Cambria Suites,cambria-suites,,,,Choice Hotels International,,,,,,,,,,,,,,,,,,,,,,,,,,,,,,,,,,,,,,
Mainstay Suites,Mainstay Suites,mainstay-suites,,,,Choice Hotels International,,,,,,,,,,,,,,,,,,,,,,,,,,,,,,,,,,,,,,
Suburban Extended Stay Hotel,Suburban Extended Stay Hotel,suburban-extended-stay-hotel,,,,Choice Hotels International,,,,,,,,,,,,,,,,,,,,,,,,,,,,,,,,,,,,,,
Econo Lodge,Econo Lodge,econo-lodge,,,,Choice Hotels International,,,,,,,,,,,,,,,,,,,,,,,,,,,,,,,,,,,,,,
Rodeway Inn,Rodeway Inn,rodeway-inn,,,,Choice Hotels International,,,,,,,,,,,,,,,,,,,,,,,,,,,,,,,,,,,,,,
Air Canada,Air Canada,air-canada,,,d715c759465d4b4588c76564cb69d155,,Air Canada Centre,,,,,,,,,,,,,,,,,,,,,,,,,,,,,,,,,,,,,
AMR Corp,AMR Corp,amr-corp,,,0997dddcc23b4bd890677d93b2a5d9e1,,,,,,,,,,,,,,,,,,,,,,,,,,,,,,,,,,,,,,,
American Airlines,American Airlines,american-airlines,,,,AMR Corp,American Airlines Arena,American Airlines Center,,,,,,,,,,,,,,,,,,,,,,,,,,,,,,,,,,,,
Amway,Amway,amway,,,e63d2e274896419dbceb56e76c161a7a,,Amway Center,,,,,,,,,,,,,,,,,,,,,,,,,,,,,,,,,,,,,
CNO Financial Group,CNO Financial Group,cno-financial-group,,,eeb6d39f434047e299b7b6794847a1b9,,,,,,,,,,,,,,,,,,,,,,,,,,,,,,,,,,,,,,,
Bankers Life and Casualty,Bankers Life,bankers-life,,,,CNO Financial Group,Bankers Life Fieldhouse,,,,,,,,,,,,,,,,,,,,,,,,,,,,,,,,,,,,,
Barclays,Barclays,barclays,,,c86403b874ea4d9390574088a2973705,,Barclays Center,,,,,,,,,,,,,,,,,,,,,,,,,,,,,,,,,,,,,
Barclays Capital,Barclays Capital,barclays-capital,,,4a60bb84b0f946eeb79aa714a0260c29,Barclays,,,,,,,,,,,,,,,,,,,,,,,,,,,,,,,,,,,,,,
BMO Harris Bank,BMO Harris Bank,bmo-harris-bank,,,ef842ff609ae4ad2bddfc35c1aba72d6,,BMO Harris Bradley Center,Harris Bank,,,,,,,,,,,,,,,,,,,,,,,,,,,,,,,,,,,,
Chesapeake Energy,Chesapeake Energy,chesapeake-energy,,,4966257e103a45f5b13d901058b0c0be,,Chesapeake Energy Arena,,,,,,,,,,,,,,,,,,,,,,,,,,,,,,,,,,,,,
EnergySolutions,EnergySolutions,energysolutions,,,24722ea0ca9a4e4f8d27ce2e2481e15b,,EnergySolutions Arena,,,,,,,,,,,,,,,,,,,,,,,,,,,,,,,,,,,,,
Madison Square Garden,Madison Square Garden,madison-square-garden,,,5e7f61fa2d8643c8a5907f7836d26a85,,,,,,,,,,,,,,,,,,,,,,,,,,,,,,,,,,,,,,,
Oracle,Oracle,oracle,,,151d38d8c62c49b39540c99860581b8c,,Oracle Arena,,,,,,,,,,,,,,,,,,,,,,,,,,,,,,,,,,,,,
PepsiCo Inc,Pepsi,pepsi,,,436269aca0644b73bf5bec64c65b44ae,,Pepsi Center,,,,,,,,,,,,,,,,,,,,,,,,,,,,,,,,,,,,,
Frito-Lay,Frito-Lay,frito-lay,,,31e656b0b27643ec903fe96112f535b5,PepsiCo Inc,,,,,,,,,,,,,,,,,,,,,,,,,,,,,,,,,,,,,,
Pepsi-Cola Bottlers Assn,,,,,7d68fceb0fa64e71a40ba5c700f33f83,PepsiCo Inc,,,,,,,,,,,,,,,,,,,,,,,,,,,,,,,,,,,,,,
Quaker Oats,Quaker Oats,quaker-oats,,,abecf88a746e4f1d9765f5105848f6fb,PepsiCo Inc,,,,,,,,,,,,,,,,,,,,,,,,,,,,,,,,,,,,,,
Pepsiamericas Inc,Pepsiamericas,pepsiamericas,,,cd16f2750fe646e495519f68939ea405,PepsiCo Inc,,,,,,,,,,,,,,,,,,,,,,,,,,,,,,,,,,,,,,
Philips Electronics,Philips Electronics,philips-electronics,,,65015df28fe34c3fac3f51d8a968e521,,,,,,,,,,,,,,,,,,,,,,,,,,,,,,,,,,,,,,,
Philips Electronics North America,,,,,bdedcbc0c1bd4c5aa6f71743b605c7bf,Philips Electronics,Philips Arena,,,,,,,,,,,,,,,,,,,,,,,,,,,,,,,,,,,,,
Intuit Inc,Intuit,intuit,,,89ca1185dc38445e881aba9baae0b8f7,,,,,,,,,,,,,,,,,,,,,,,,,,,,,,,,,,,,,,,
Quicken Loans,Quicken Loans,quicken-loans,,,89b972d8ee3c42ec870392910c0514e4,Intuit Inc,Quicken Loans Arena,,,,,,,,,,,,,,,,,,,,,,,,,,,,,,,,,,,,,
Time Warner Cable,Time Warner Cable,time-warner-cable,,,e4f913962f01432d9ad0301a6b8ffc4d,,Time Warner Cable Arena,,,,,,,,,,,,,,,,,,,,,,,,,,,,,,,,,,,,,
Toyota Motor Corp,Toyota,toyota,,,ea4d2ebcdf334856810ecb45bde64ea2,,Toyota Center,,,,,,,,,,,,,,,,,,,,,,,,,,,,,,,,,,,,,
United Continental Holdings,United Continental Holdings,united-continental-holdings,,,2e8974eec2c647679793f054b4e4f284,,,,,,,,,,,,,,,,,,,,,,,,,,,,,,,,,,,,,,,
United Airlines,United Airlines,united-airlines,,,a904e5d8c5974dde950311a985334414,United Continental Holdings,United Center,,,,,,,,,,,,,,,,,,,,,,,,,,,,,,,,,,,,,
US Airways,US Airways,us-airways,,,5f8a9375a2af4a05936b3a2505a188e3,,US Airways Center,,,,,,,,,,,,,,,,,,,,,,,,,,,,,,,,,,,,,
